"b","Start.Time","Current.Time","Duration.Time.DS","DS.Rejection","DS.TS","cores"
5,2025-06-21 19:41:07.937844,2025-06-21 19:41:08.538203,0.599815130233765,0,4.09055923410278,8
1,2025-06-21 19:41:07.931492,2025-06-21 19:41:08.55127,0.619207143783569,1,16.7954063005696,8
2,2025-06-21 19:41:07.931603,2025-06-21 19:41:08.549833,0.617657899856567,0,5.120171931564,8
7,2025-06-21 19:41:07.936392,2025-06-21 19:41:08.554069,0.617109060287476,0,9.30560633022666,8
4,2025-06-21 19:41:07.931646,2025-06-21 19:41:08.556704,0.624113082885742,0,2.55744566852073,8
3,2025-06-21 19:41:07.931492,2025-06-21 19:41:08.570132,0.637741088867188,0,2.80877132804919,8
6,2025-06-21 19:41:07.937272,2025-06-21 19:41:08.569826,0.631121158599854,0,7.92020394730564,8
9,2025-06-21 19:41:08.582649,2025-06-21 19:41:09.220138,0.637370109558105,1,21.3777453492996,8
8,2025-06-21 19:41:08.576573,2025-06-21 19:41:09.250597,0.673911094665527,1,28.0012026347072,8
10,2025-06-21 19:41:08.580793,2025-06-21 19:41:09.253059,0.672210931777954,1,12.453113820114,8
12,2025-06-21 19:41:08.63421,2025-06-21 19:41:09.306118,0.671854972839355,0,12.5689278273495,8
14,2025-06-21 19:41:08.646829,2025-06-21 19:41:09.314809,0.667926073074341,1,27.2736484403402,8
11,2025-06-21 19:41:08.62731,2025-06-21 19:41:09.318338,0.690972089767456,0,7.35098910337653,8
13,2025-06-21 19:41:08.624013,2025-06-21 19:41:09.339237,0.715173959732056,1,59.0749787736191,8
15,2025-06-21 19:41:09.246087,2025-06-21 19:41:09.83685,0.590632915496826,0,6.49395776533188,8
16,2025-06-21 19:41:09.273461,2025-06-21 19:41:09.918504,0.644925832748413,1,32.7810210866486,8
19,2025-06-21 19:41:09.334402,2025-06-21 19:41:09.957666,0.623204946517944,1,13.6389144033333,8
17,2025-06-21 19:41:09.279001,2025-06-21 19:41:09.958131,0.679071187973022,0,12.2463221226912,8
18,2025-06-21 19:41:09.325854,2025-06-21 19:41:09.980832,0.654921054840088,1,22.6033899856735,8
20,2025-06-21 19:41:09.335752,2025-06-21 19:41:09.978966,0.643157005310059,0,8.64530309135035,8
21,2025-06-21 19:41:09.358972,2025-06-21 19:41:10.008996,0.649975061416626,1,23.2916915492727,8
22,2025-06-21 19:41:09.859696,2025-06-21 19:41:10.397437,0.53768801689148,0,6.02660480976355,8
23,2025-06-21 19:41:09.93586,2025-06-21 19:41:10.461658,0.525741815567017,1,13.3548996329558,8
24,2025-06-21 19:41:09.977837,2025-06-21 19:41:10.514045,0.536144971847534,1,21.3568948942803,8
25,2025-06-21 19:41:09.980225,2025-06-21 19:41:10.529048,0.548658132553101,1,16.5264130252463,8
27,2025-06-21 19:41:09.999745,2025-06-21 19:41:10.568423,0.568560123443604,0,11.382715015107,8
26,2025-06-21 19:41:09.994508,2025-06-21 19:41:10.571111,0.576549053192139,1,12.424625529831,8
28,2025-06-21 19:41:10.03376,2025-06-21 19:41:10.594989,0.561156988143921,0,6.71365087545175,8
29,2025-06-21 19:41:10.420452,2025-06-21 19:41:10.978417,0.557904005050659,1,24.5270673019753,8
30,2025-06-21 19:41:10.486985,2025-06-21 19:41:10.988489,0.501447200775146,1,52.3464327268128,8
31,2025-06-21 19:41:10.525366,2025-06-21 19:41:11.045312,0.519888162612915,1,14.5093583947474,8
32,2025-06-21 19:41:10.553735,2025-06-21 19:41:11.079924,0.526067018508911,1,15.6503424808937,8
33,2025-06-21 19:41:10.589492,2025-06-21 19:41:11.119316,0.5296950340271,1,26.6672860061658,8
34,2025-06-21 19:41:10.589356,2025-06-21 19:41:11.121251,0.531838893890381,0,6.80932012327579,8
35,2025-06-21 19:41:10.619847,2025-06-21 19:41:11.138862,0.518953084945679,1,22.5643183239115,8
36,2025-06-21 19:41:11.000793,2025-06-21 19:41:11.583188,0.582333087921143,0,6.92114329739187,8
37,2025-06-21 19:41:11.01348,2025-06-21 19:41:11.590527,0.57698917388916,0,8.4606106695043,8
38,2025-06-21 19:41:11.056507,2025-06-21 19:41:11.602671,0.546102046966553,0,10.0434093488533,8
39,2025-06-21 19:41:11.110718,2025-06-21 19:41:11.69786,0.587084054946899,0,7.52874128046035,8
42,2025-06-21 19:41:11.153501,2025-06-21 19:41:11.713085,0.559524059295654,1,15.1267612099517,8
40,2025-06-21 19:41:11.140167,2025-06-21 19:41:11.710392,0.570167064666748,1,31.2775377168873,8
41,2025-06-21 19:41:11.139609,2025-06-21 19:41:11.723061,0.583392143249512,0,9.83671835057768,8
43,2025-06-21 19:41:11.60538,2025-06-21 19:41:12.136085,0.530649185180664,1,13.4980383754885,8
45,2025-06-21 19:41:11.626219,2025-06-21 19:41:12.143756,0.51746392250061,0,8.16686760484962,8
44,2025-06-21 19:41:11.609985,2025-06-21 19:41:12.160834,0.550717830657959,1,32.123508314664,8
46,2025-06-21 19:41:11.713821,2025-06-21 19:41:12.311215,0.597337961196899,1,23.344128704417,8
47,2025-06-21 19:41:11.729744,2025-06-21 19:41:12.354382,0.624584913253784,0,11.4490329332254,8
49,2025-06-21 19:41:11.742252,2025-06-21 19:41:12.373623,0.631309032440186,0,4.65832823118296,8
48,2025-06-21 19:41:11.729497,2025-06-21 19:41:12.383614,0.654003143310547,0,12.5364969924242,8
50,2025-06-21 19:41:12.16309,2025-06-21 19:41:12.80534,0.642196893692017,0,2.57040118600301,8
51,2025-06-21 19:41:12.165763,2025-06-21 19:41:12.838966,0.673146963119507,0,4.22314938641637,8
52,2025-06-21 19:41:12.183876,2025-06-21 19:41:12.849076,0.665143966674805,0,6.03197380111601,8
53,2025-06-21 19:41:12.331882,2025-06-21 19:41:12.985754,0.653805017471313,1,32.6884976318422,8
54,2025-06-21 19:41:12.381804,2025-06-21 19:41:13.018027,0.636101007461548,0,4.25412421975762,8
55,2025-06-21 19:41:12.38476,2025-06-21 19:41:13.019812,0.634994029998779,1,14.0748472947882,8
56,2025-06-21 19:41:12.409046,2025-06-21 19:41:13.050376,0.641275882720947,1,13.7191057024949,8
59,2025-06-21 19:41:12.864636,2025-06-21 19:41:13.530739,0.666046857833862,0,12.6881894200997,8
58,2025-06-21 19:41:12.861338,2025-06-21 19:41:13.536814,0.675413846969604,0,11.1583598908276,8
57,2025-06-21 19:41:12.829883,2025-06-21 19:41:13.533261,0.703318119049072,0,11.277011331378,8
60,2025-06-21 19:41:13.008182,2025-06-21 19:41:13.570586,0.562345027923584,1,21.965134789582,8
63,2025-06-21 19:41:13.064514,2025-06-21 19:41:13.623244,0.558674097061157,1,17.4557859314297,8
61,2025-06-21 19:41:13.064225,2025-06-21 19:41:13.634327,0.570044040679932,1,16.6948695142958,8
62,2025-06-21 19:41:13.064281,2025-06-21 19:41:13.660322,0.595986843109131,1,22.6086628679452,8
65,2025-06-21 19:41:13.549293,2025-06-21 19:41:14.092876,0.543529033660889,0,9.61356345315749,8
67,2025-06-21 19:41:13.594199,2025-06-21 19:41:14.110778,0.516518115997314,1,13.3222268621063,8
64,2025-06-21 19:41:13.545491,2025-06-21 19:41:14.111912,0.566357851028442,1,24.2664440041751,8
66,2025-06-21 19:41:13.551007,2025-06-21 19:41:14.125575,0.574450016021729,0,8.86459784645124,8
69,2025-06-21 19:41:13.646417,2025-06-21 19:41:14.197376,0.550899028778076,1,15.6425495854706,8
68,2025-06-21 19:41:13.646461,2025-06-21 19:41:14.21022,0.563701152801514,0,8.70055503779717,8
70,2025-06-21 19:41:13.683004,2025-06-21 19:41:14.247528,0.564467906951904,0,12.3529901221536,8
72,2025-06-21 19:41:14.128918,2025-06-21 19:41:14.637734,0.508760213851929,1,24.7064923738491,8
73,2025-06-21 19:41:14.12783,2025-06-21 19:41:14.657124,0.529228210449219,1,15.3338953017761,8
71,2025-06-21 19:41:14.116453,2025-06-21 19:41:14.725074,0.608564138412476,0,8.86341863542606,8
74,2025-06-21 19:41:14.151933,2025-06-21 19:41:14.722103,0.570105791091919,1,17.3320883186692,8
76,2025-06-21 19:41:14.234368,2025-06-21 19:41:14.798099,0.563503980636597,0,12.2438127949064,8
75,2025-06-21 19:41:14.214376,2025-06-21 19:41:14.799833,0.585333108901978,0,1.90942866257234,8
77,2025-06-21 19:41:14.262816,2025-06-21 19:41:14.829316,0.566442966461182,0,8.39490665111253,8
78,2025-06-21 19:41:14.652761,2025-06-21 19:41:15.176858,0.524042844772339,0,6.42291028863761,8
79,2025-06-21 19:41:14.671682,2025-06-21 19:41:15.259268,0.587456941604614,1,108.922823211784,8
80,2025-06-21 19:41:14.747596,2025-06-21 19:41:15.283972,0.536317110061646,0,9.68956625823362,8
81,2025-06-21 19:41:14.750515,2025-06-21 19:41:15.303228,0.552655220031738,1,13.9625813107713,8
82,2025-06-21 19:41:14.816749,2025-06-21 19:41:15.307774,0.490967988967896,1,15.5404184124894,8
83,2025-06-21 19:41:14.824818,2025-06-21 19:41:15.389705,0.564831018447876,0,12.3604574887846,8
84,2025-06-21 19:41:14.845484,2025-06-21 19:41:15.416143,0.57059907913208,0,11.684742565271,8
85,2025-06-21 19:41:15.199777,2025-06-21 19:41:15.795334,0.595497846603394,1,42.6812782832979,8
87,2025-06-21 19:41:15.29417,2025-06-21 19:41:15.82355,0.529263019561768,0,2.76462101879688,8
86,2025-06-21 19:41:15.279912,2025-06-21 19:41:15.826745,0.54677414894104,0,5.07509516411646,8
89,2025-06-21 19:41:15.327427,2025-06-21 19:41:15.901122,0.57364296913147,1,23.0927270216336,8
88,2025-06-21 19:41:15.321998,2025-06-21 19:41:15.938121,0.616055965423584,0,12.2324064911844,8
91,2025-06-21 19:41:15.439059,2025-06-21 19:41:15.95209,0.512964963912964,0,6.03450263562488,8
90,2025-06-21 19:41:15.414571,2025-06-21 19:41:16.023934,0.609301090240479,1,20.5025567426216,8
94,2025-06-21 19:41:15.840866,2025-06-21 19:41:16.341934,0.501006841659546,0,10.5741342495559,8
92,2025-06-21 19:41:15.817451,2025-06-21 19:41:16.369217,0.55171012878418,0,11.4078386276875,8
93,2025-06-21 19:41:15.840866,2025-06-21 19:41:16.371423,0.530496835708618,0,3.85385787626159,8
95,2025-06-21 19:41:15.918635,2025-06-21 19:41:16.471807,0.553112983703613,1,13.5705783230577,8
97,2025-06-21 19:41:15.966163,2025-06-21 19:41:16.508384,0.542099952697754,0,8.58226208610631,8
96,2025-06-21 19:41:15.960101,2025-06-21 19:41:16.552045,0.591876029968262,0,11.4893036430656,8
98,2025-06-21 19:41:16.058543,2025-06-21 19:41:16.608822,0.55022406578064,0,4.02646190851814,8
99,2025-06-21 19:41:16.355256,2025-06-21 19:41:16.927106,0.571789026260376,0,8.11999189908134,8
100,2025-06-21 19:41:16.386124,2025-06-21 19:41:16.941192,0.55501389503479,0,11.3955604193812,8
101,2025-06-21 19:41:16.387077,2025-06-21 19:41:16.975097,0.58795690536499,1,12.5547368796287,8
102,2025-06-21 19:41:16.491878,2025-06-21 19:41:17.031662,0.53972601890564,1,14.5707501363488,8
103,2025-06-21 19:41:16.524017,2025-06-21 19:41:17.07319,0.549111127853394,0,7.53629914606522,8
104,2025-06-21 19:41:16.579133,2025-06-21 19:41:17.130837,0.551641941070557,1,20.265571904293,8
105,2025-06-21 19:41:16.636473,2025-06-21 19:41:17.223123,0.586585998535156,0,9.89007138836048,8
107,2025-06-21 19:41:16.963117,2025-06-21 19:41:17.492328,0.529160022735596,1,30.4070910525013,8
106,2025-06-21 19:41:16.951562,2025-06-21 19:41:17.549479,0.59785795211792,0,2.32601720632286,8
108,2025-06-21 19:41:16.997247,2025-06-21 19:41:17.583098,0.585789203643799,1,27.8484487580685,8
110,2025-06-21 19:41:17.089152,2025-06-21 19:41:17.629643,0.540426969528198,1,19.1816015238829,8
109,2025-06-21 19:41:17.055757,2025-06-21 19:41:17.637181,0.581362009048462,1,35.2699589307842,8
111,2025-06-21 19:41:17.148602,2025-06-21 19:41:17.685049,0.536329030990601,1,19.5829346939625,8
112,2025-06-21 19:41:17.235034,2025-06-21 19:41:17.826427,0.59133505821228,0,11.5565135579217,8
113,2025-06-21 19:41:17.509668,2025-06-21 19:41:18.024693,0.514971017837524,0,3.47368546855794,8
114,2025-06-21 19:41:17.568802,2025-06-21 19:41:18.065457,0.496600151062012,1,27.2061558298206,8
117,2025-06-21 19:41:17.665821,2025-06-21 19:41:18.181924,0.516041040420532,0,3.50709496116877,8
115,2025-06-21 19:41:17.597452,2025-06-21 19:41:18.22308,0.625574111938477,1,15.4509520024731,8
116,2025-06-21 19:41:17.643729,2025-06-21 19:41:18.242726,0.59893798828125,0,7.90971121795225,8
118,2025-06-21 19:41:17.698278,2025-06-21 19:41:18.250443,0.552048921585083,0,1.03858591839299,8
119,2025-06-21 19:41:17.850692,2025-06-21 19:41:18.373128,0.522377014160156,0,6.46438058568759,8
120,2025-06-21 19:41:18.03878,2025-06-21 19:41:18.632981,0.594145059585571,1,30.2886576111364,8
121,2025-06-21 19:41:18.084517,2025-06-21 19:41:18.626924,0.542346954345703,1,39.0796790512506,8
122,2025-06-21 19:41:18.195695,2025-06-21 19:41:18.733245,0.537493228912354,1,37.7337771430548,8
124,2025-06-21 19:41:18.254127,2025-06-21 19:41:18.797856,0.543678045272827,1,18.6957017669496,8
125,2025-06-21 19:41:18.272208,2025-06-21 19:41:18.841261,0.568988800048828,0,3.84611752286266,8
123,2025-06-21 19:41:18.237388,2025-06-21 19:41:18.866759,0.629317045211792,0,8.46957923816162,8
126,2025-06-21 19:41:18.396844,2025-06-21 19:41:18.91366,0.51675295829773,1,18.83773955156,8
127,2025-06-21 19:41:18.652341,2025-06-21 19:41:19.250103,0.597706079483032,1,25.5037343470434,8
128,2025-06-21 19:41:18.661143,2025-06-21 19:41:19.28258,0.621296882629395,1,17.1233086141771,8
129,2025-06-21 19:41:18.784266,2025-06-21 19:41:19.361727,0.57739782333374,0,5.79139729352843,8
130,2025-06-21 19:41:18.821903,2025-06-21 19:41:19.440306,0.618340015411377,0,2.87636661474498,8
133,2025-06-21 19:41:18.970064,2025-06-21 19:41:19.506571,0.536384105682373,0,4.17041382938239,8
132,2025-06-21 19:41:18.897765,2025-06-21 19:41:19.515621,0.617796897888184,1,15.5719270205867,8
131,2025-06-21 19:41:18.861002,2025-06-21 19:41:19.604156,0.743022203445435,1,13.3963227767454,8
134,2025-06-21 19:41:19.2686,2025-06-21 19:41:19.871815,0.603155136108398,0,5.54491544183863,8
135,2025-06-21 19:41:19.303115,2025-06-21 19:41:19.873687,0.570514917373657,0,6.0369713401777,8
136,2025-06-21 19:41:19.387077,2025-06-21 19:41:19.948851,0.561712026596069,0,11.0346913400017,8
137,2025-06-21 19:41:19.459179,2025-06-21 19:41:20.001736,0.542504072189331,1,12.7887835734724,8
139,2025-06-21 19:41:19.532003,2025-06-21 19:41:20.078303,0.546241044998169,0,11.9999600472117,8
138,2025-06-21 19:41:19.530867,2025-06-21 19:41:20.120534,0.589613199234009,1,31.1195373654329,8
140,2025-06-21 19:41:19.626483,2025-06-21 19:41:20.22045,0.593908786773682,1,108.246924747124,8
142,2025-06-21 19:41:19.89668,2025-06-21 19:41:20.473762,0.576965808868408,0,7.5036932305353,8
141,2025-06-21 19:41:19.889763,2025-06-21 19:41:20.474192,0.584366083145142,1,12.5870354130944,8
143,2025-06-21 19:41:19.970694,2025-06-21 19:41:20.571337,0.600492000579834,0,10.1449520044664,8
144,2025-06-21 19:41:20.023663,2025-06-21 19:41:20.589536,0.565811157226562,0,2.90978945504926,8
145,2025-06-21 19:41:20.097335,2025-06-21 19:41:20.754973,0.657520055770874,1,16.6407420620985,8
146,2025-06-21 19:41:20.135684,2025-06-21 19:41:20.79797,0.662228107452393,1,33.1110563175342,8
147,2025-06-21 19:41:20.239878,2025-06-21 19:41:20.858804,0.618768930435181,0,2.53705198328178,8
149,2025-06-21 19:41:20.498594,2025-06-21 19:41:21.128969,0.630295038223267,0,4.03778061360302,8
148,2025-06-21 19:41:20.498078,2025-06-21 19:41:21.192362,0.694206953048706,0,0.684059701920873,8
150,2025-06-21 19:41:20.588133,2025-06-21 19:41:21.240701,0.652491092681885,1,28.1981468254841,8
151,2025-06-21 19:41:20.608316,2025-06-21 19:41:21.264585,0.656189918518066,0,5.42845831826593,8
153,2025-06-21 19:41:20.825978,2025-06-21 19:41:21.482019,0.65596604347229,1,64.6557907392734,8
152,2025-06-21 19:41:20.783658,2025-06-21 19:41:21.4826,0.698882102966309,1,14.5151691690741,8
154,2025-06-21 19:41:20.887597,2025-06-21 19:41:21.525733,0.638056039810181,0,7.50295769479927,8
156,2025-06-21 19:41:21.209622,2025-06-21 19:41:21.74784,0.538158893585205,0,5.34452746821465,8
158,2025-06-21 19:41:21.283692,2025-06-21 19:41:21.822903,0.539150953292847,0,11.9085335600481,8
155,2025-06-21 19:41:21.15935,2025-06-21 19:41:21.834345,0.674851894378662,1,16.4063750599735,8
157,2025-06-21 19:41:21.267726,2025-06-21 19:41:21.838452,0.570662975311279,0,9.30268023630217,8
160,2025-06-21 19:41:21.507448,2025-06-21 19:41:22.069809,0.562301874160767,0,7.80613239173442,8
159,2025-06-21 19:41:21.504097,2025-06-21 19:41:22.113024,0.608850002288818,0,9.40083261379644,8
161,2025-06-21 19:41:21.549018,2025-06-21 19:41:22.144164,0.59508490562439,1,33.9217546901293,8
162,2025-06-21 19:41:21.763229,2025-06-21 19:41:22.390711,0.627426862716675,0,8.74881724814649,8
164,2025-06-21 19:41:21.850291,2025-06-21 19:41:22.388511,0.538167953491211,1,22.9963268075644,8
165,2025-06-21 19:41:21.853584,2025-06-21 19:41:22.433746,0.580105066299438,0,4.56932221780557,8
166,2025-06-21 19:41:22.085927,2025-06-21 19:41:22.669933,0.583952903747559,0,7.94237330203266,8
163,2025-06-21 19:41:21.838367,2025-06-21 19:41:22.674205,0.835783004760742,1,18.0178805935309,8
168,2025-06-21 19:41:22.170264,2025-06-21 19:41:22.731241,0.560917139053345,0,5.94423570241642,8
167,2025-06-21 19:41:22.13892,2025-06-21 19:41:22.73484,0.595865964889526,1,32.9969299374717,8
169,2025-06-21 19:41:22.4054,2025-06-21 19:41:22.976344,0.570884943008423,0,4.99061571246956,8
170,2025-06-21 19:41:22.40473,2025-06-21 19:41:22.98774,0.582952976226807,0,9.54679269188254,8
171,2025-06-21 19:41:22.457086,2025-06-21 19:41:23.069297,0.612076044082642,1,20.3457042085888,8
173,2025-06-21 19:41:22.688896,2025-06-21 19:41:23.24644,0.557480096817017,0,4.31358657578217,8
172,2025-06-21 19:41:22.680086,2025-06-21 19:41:23.274708,0.594495058059692,1,30.4328996783155,8
175,2025-06-21 19:41:22.754672,2025-06-21 19:41:23.334972,0.580237865447998,0,5.5938487768898,8
174,2025-06-21 19:41:22.746967,2025-06-21 19:41:23.340734,0.593693017959595,0,6.50205364783602,8
176,2025-06-21 19:41:22.994972,2025-06-21 19:41:23.674275,0.679243087768555,1,20.6110694006218,8
177,2025-06-21 19:41:23.006388,2025-06-21 19:41:23.745391,0.738936901092529,1,20.2164063393784,8
178,2025-06-21 19:41:23.093099,2025-06-21 19:41:23.791932,0.698773145675659,1,29.6717679625518,8
180,2025-06-21 19:41:23.305346,2025-06-21 19:41:23.949169,0.643755912780762,1,29.7285338543141,8
182,2025-06-21 19:41:23.352958,2025-06-21 19:41:23.974421,0.621407985687256,1,17.9565689088178,8
179,2025-06-21 19:41:23.265529,2025-06-21 19:41:23.983282,0.717689990997314,0,7.21037964478992,8
181,2025-06-21 19:41:23.352586,2025-06-21 19:41:24.026543,0.673904180526733,0,11.5964954982393,8
183,2025-06-21 19:41:23.699539,2025-06-21 19:41:24.226955,0.527351856231689,0,8.12357997050623,8
184,2025-06-21 19:41:23.769826,2025-06-21 19:41:24.263754,0.493866205215454,0,6.99802037321324,8
185,2025-06-21 19:41:23.813515,2025-06-21 19:41:24.375501,0.561779975891113,0,11.195800811138,8
186,2025-06-21 19:41:23.969086,2025-06-21 19:41:24.546377,0.577234029769897,1,27.4847396887353,8
188,2025-06-21 19:41:23.997768,2025-06-21 19:41:24.546819,0.548993110656738,1,19.3332614999246,8
187,2025-06-21 19:41:23.989248,2025-06-21 19:41:24.575552,0.586246967315674,0,10.6532318704274,8
189,2025-06-21 19:41:24.055346,2025-06-21 19:41:24.622396,0.56699013710022,1,13.7825002023787,8
190,2025-06-21 19:41:24.248322,2025-06-21 19:41:24.804256,0.555874824523926,0,12.094445267434,8
191,2025-06-21 19:41:24.275923,2025-06-21 19:41:24.843182,0.567185163497925,0,4.71536707537744,8
192,2025-06-21 19:41:24.398767,2025-06-21 19:41:24.978888,0.580064058303833,1,18.3809413461871,8
193,2025-06-21 19:41:24.565529,2025-06-21 19:41:25.175191,0.609606981277466,0,11.1922818563517,8
195,2025-06-21 19:41:24.599986,2025-06-21 19:41:25.180947,0.58090090751648,0,6.11056972773608,8
194,2025-06-21 19:41:24.565392,2025-06-21 19:41:25.197759,0.632311105728149,1,16.7414996880795,8
196,2025-06-21 19:41:24.649546,2025-06-21 19:41:25.259306,0.609701871871948,0,7.01789725815126,8
197,2025-06-21 19:41:24.832605,2025-06-21 19:41:25.395509,0.562843799591064,1,22.8365282292878,8
198,2025-06-21 19:41:24.857453,2025-06-21 19:41:25.435757,0.578248023986816,1,17.1519048638203,8
199,2025-06-21 19:41:25.004088,2025-06-21 19:41:25.561742,0.557590007781982,0,9.08086471365068,8
200,2025-06-21 19:41:25.195415,2025-06-21 19:41:25.730281,0.534739017486572,0,10.3180126614173,8
201,2025-06-21 19:41:25.199474,2025-06-21 19:41:25.79505,0.595524072647095,1,15.6270837009628,8
202,2025-06-21 19:41:25.221962,2025-06-21 19:41:25.839425,0.617341041564941,1,14.7014037748432,8
203,2025-06-21 19:41:25.279789,2025-06-21 19:41:25.863685,0.583837985992432,0,7.29117400551759,8
204,2025-06-21 19:41:25.413744,2025-06-21 19:41:25.990879,0.577080965042114,1,14.7139727177066,8
205,2025-06-21 19:41:25.48829,2025-06-21 19:41:26.069875,0.581529855728149,0,3.20012861501905,8
206,2025-06-21 19:41:25.590362,2025-06-21 19:41:26.174532,0.58405590057373,0,6.78128631090043,8
207,2025-06-21 19:41:25.755572,2025-06-21 19:41:26.287079,0.531450986862183,0,7.55371582746545,8
208,2025-06-21 19:41:25.809188,2025-06-21 19:41:26.319706,0.510462999343872,0,11.6752896835753,8
210,2025-06-21 19:41:25.877014,2025-06-21 19:41:26.449225,0.572150945663452,1,15.3123069430439,8
209,2025-06-21 19:41:25.878458,2025-06-21 19:41:26.473287,0.59476900100708,1,32.6839763853315,8
211,2025-06-21 19:41:26.00066,2025-06-21 19:41:26.480382,0.479663133621216,1,16.4290382371151,8
212,2025-06-21 19:41:26.091164,2025-06-21 19:41:26.622277,0.531049966812134,0,8.57148349786063,8
213,2025-06-21 19:41:26.188107,2025-06-21 19:41:26.755191,0.566969156265259,1,12.7342706259181,8
214,2025-06-21 19:41:26.304977,2025-06-21 19:41:26.871246,0.566212177276611,1,19.3557550251035,8
215,2025-06-21 19:41:26.338614,2025-06-21 19:41:26.924206,0.585463047027588,0,5.63213103562535,8
216,2025-06-21 19:41:26.46999,2025-06-21 19:41:27.045197,0.575052976608276,1,17.5437145358701,8
218,2025-06-21 19:41:26.517667,2025-06-21 19:41:27.117885,0.600159883499146,0,6.94204949644279,8
217,2025-06-21 19:41:26.514645,2025-06-21 19:41:27.126051,0.611348867416382,0,5.87454910460586,8
219,2025-06-21 19:41:26.640379,2025-06-21 19:41:27.206068,0.565631866455078,1,26.6916148497526,8
220,2025-06-21 19:41:26.777013,2025-06-21 19:41:27.262262,0.485191106796265,0,10.2985522080324,8
221,2025-06-21 19:41:26.891213,2025-06-21 19:41:27.414974,0.523707151412964,0,11.166343683835,8
222,2025-06-21 19:41:27.002683,2025-06-21 19:41:27.602437,0.599639892578125,1,17.6034020070667,8
223,2025-06-21 19:41:27.071395,2025-06-21 19:41:27.654397,0.582947015762329,0,5.0753345203809,8
225,2025-06-21 19:41:27.147032,2025-06-21 19:41:27.672198,0.525109052658081,1,41.5352270557831,8
224,2025-06-21 19:41:27.141329,2025-06-21 19:41:27.810189,0.668796062469482,1,34.6407633270723,8
226,2025-06-21 19:41:27.234982,2025-06-21 19:41:27.842208,0.607166051864624,1,13.0474326395343,8
227,2025-06-21 19:41:27.289528,2025-06-21 19:41:27.95472,0.665075063705444,0,6.36718108161958,8
228,2025-06-21 19:41:27.442455,2025-06-21 19:41:28.033082,0.590569019317627,1,28.3858544601186,8
229,2025-06-21 19:41:27.624073,2025-06-21 19:41:28.27771,0.653578996658325,1,12.9971228531352,8
230,2025-06-21 19:41:27.682792,2025-06-21 19:41:28.278642,0.595793962478638,0,6.07506618214209,8
231,2025-06-21 19:41:27.689551,2025-06-21 19:41:28.319752,0.6301429271698,0,8.26300277210637,8
233,2025-06-21 19:41:27.868388,2025-06-21 19:41:28.417264,0.548815965652466,0,10.5602312724261,8
232,2025-06-21 19:41:27.829128,2025-06-21 19:41:28.42623,0.597048997879028,1,17.4696012430383,8
234,2025-06-21 19:41:27.98226,2025-06-21 19:41:28.612034,0.629661083221436,1,14.0503198242317,8
235,2025-06-21 19:41:28.057426,2025-06-21 19:41:28.687884,0.63040018081665,0,6.84742733134256,8
237,2025-06-21 19:41:28.303022,2025-06-21 19:41:28.877319,0.574234962463379,1,17.2779887298875,8
236,2025-06-21 19:41:28.291038,2025-06-21 19:41:28.908661,0.61755895614624,1,18.9169642553977,8
238,2025-06-21 19:41:28.344685,2025-06-21 19:41:28.959553,0.614804983139038,1,29.9030855028467,8
239,2025-06-21 19:41:28.434071,2025-06-21 19:41:29.049877,0.615673065185547,1,29.92100158618,8
240,2025-06-21 19:41:28.456172,2025-06-21 19:41:29.114804,0.658484935760498,1,23.7662099468033,8
241,2025-06-21 19:41:28.625262,2025-06-21 19:41:29.186853,0.561533212661743,1,15.7235120230754,8
242,2025-06-21 19:41:28.711367,2025-06-21 19:41:29.243742,0.532312870025635,1,25.8423888360038,8
243,2025-06-21 19:41:28.891051,2025-06-21 19:41:29.442581,0.551471948623657,1,16.5394869728686,8
244,2025-06-21 19:41:28.943567,2025-06-21 19:41:29.52267,0.578954219818115,0,3.74339098478193,8
245,2025-06-21 19:41:28.995201,2025-06-21 19:41:29.576104,0.580844879150391,1,30.3495341718268,8
246,2025-06-21 19:41:29.07119,2025-06-21 19:41:29.613485,0.542233943939209,1,21.4656532912206,8
247,2025-06-21 19:41:29.139006,2025-06-21 19:41:29.73372,0.594657897949219,0,7.16715162047491,8
248,2025-06-21 19:41:29.205342,2025-06-21 19:41:29.745141,0.539745092391968,1,32.4609120407779,8
249,2025-06-21 19:41:29.261046,2025-06-21 19:41:29.869735,0.608638048171997,0,11.1645519220925,8
250,2025-06-21 19:41:29.466666,2025-06-21 19:41:30.033904,0.567175149917603,1,17.9519306669155,8
251,2025-06-21 19:41:29.539325,2025-06-21 19:41:30.096152,0.556766033172607,0,5.35140416216523,8
252,2025-06-21 19:41:29.600659,2025-06-21 19:41:30.144094,0.543378829956055,0,5.41491108146583,8
253,2025-06-21 19:41:29.63453,2025-06-21 19:41:30.224055,0.58946704864502,0,8.40834409565288,8
255,2025-06-21 19:41:29.76371,2025-06-21 19:41:30.30462,0.540849924087524,1,15.3061991297505,8
254,2025-06-21 19:41:29.748741,2025-06-21 19:41:30.33933,0.590533018112183,1,39.2102711597579,8
256,2025-06-21 19:41:29.887441,2025-06-21 19:41:30.4792,0.591698884963989,1,23.5261293440501,8
257,2025-06-21 19:41:30.05632,2025-06-21 19:41:30.588161,0.531777143478394,1,29.4346954335389,8
258,2025-06-21 19:41:30.116269,2025-06-21 19:41:30.681449,0.565119028091431,1,21.4125406108228,8
259,2025-06-21 19:41:30.157699,2025-06-21 19:41:30.721651,0.563894987106323,0,4.30173225235884,8
260,2025-06-21 19:41:30.242098,2025-06-21 19:41:30.808209,0.566051006317139,0,5.85203848401377,8
262,2025-06-21 19:41:30.361432,2025-06-21 19:41:30.936612,0.575127124786377,1,17.8638287885213,8
261,2025-06-21 19:41:30.326878,2025-06-21 19:41:30.970272,0.643335103988647,0,7.41461375142223,8
263,2025-06-21 19:41:30.503957,2025-06-21 19:41:31.073564,0.569539070129395,1,12.6320924269092,8
265,2025-06-21 19:41:30.701677,2025-06-21 19:41:31.291709,0.589977025985718,0,2.86021204031988,8
266,2025-06-21 19:41:30.744366,2025-06-21 19:41:31.321925,0.577491998672485,0,7.37195581412662,8
264,2025-06-21 19:41:30.61453,2025-06-21 19:41:31.373847,0.759259939193726,1,14.6953490162644,8
267,2025-06-21 19:41:30.83604,2025-06-21 19:41:31.397555,0.561450958251953,0,6.53926052506475,8
268,2025-06-21 19:41:30.952923,2025-06-21 19:41:31.560844,0.607863903045654,1,15.1769577988449,8
269,2025-06-21 19:41:30.993056,2025-06-21 19:41:31.578432,0.585319995880127,1,16.5509575506978,8
270,2025-06-21 19:41:31.093908,2025-06-21 19:41:31.653891,0.559865951538086,0,5.79315095212987,8
272,2025-06-21 19:41:31.339599,2025-06-21 19:41:31.880789,0.541131973266602,1,18.0355763413861,8
271,2025-06-21 19:41:31.315939,2025-06-21 19:41:31.896354,0.58030104637146,1,14.6749151443152,8
274,2025-06-21 19:41:31.41559,2025-06-21 19:41:31.98585,0.570110082626343,1,15.3220041078368,8
273,2025-06-21 19:41:31.391097,2025-06-21 19:41:31.99234,0.601186990737915,1,45.6626005223014,8
276,2025-06-21 19:41:31.60173,2025-06-21 19:41:32.133461,0.531608819961548,0,10.5327543029692,8
275,2025-06-21 19:41:31.582287,2025-06-21 19:41:32.18768,0.605334043502808,0,6.3294618335668,8
277,2025-06-21 19:41:31.678663,2025-06-21 19:41:32.269201,0.590476036071777,0,11.5866868096581,8
279,2025-06-21 19:41:31.914064,2025-06-21 19:41:32.417436,0.503309011459351,0,4.32581417433908,8
278,2025-06-21 19:41:31.902172,2025-06-21 19:41:32.452784,0.550462007522583,0,2.05798294554963,8
281,2025-06-21 19:41:32.007867,2025-06-21 19:41:32.557577,0.549574851989746,0,3.74655652372256,8
280,2025-06-21 19:41:32.007982,2025-06-21 19:41:32.598996,0.59095311164856,0,6.99466534266066,8
282,2025-06-21 19:41:32.155099,2025-06-21 19:41:32.718595,0.563427925109863,0,3.77196677448468,8
283,2025-06-21 19:41:32.213355,2025-06-21 19:41:32.738732,0.525314092636108,0,5.21721399052759,8
284,2025-06-21 19:41:32.287872,2025-06-21 19:41:32.904638,0.61670994758606,0,7.02077747406648,8
285,2025-06-21 19:41:32.431533,2025-06-21 19:41:33.014334,0.582741975784302,0,6.21014133133706,8
286,2025-06-21 19:41:32.500269,2025-06-21 19:41:33.097646,0.597247123718262,1,23.4174057345513,8
287,2025-06-21 19:41:32.583685,2025-06-21 19:41:33.161795,0.57797908782959,0,2.72657717393653,8
288,2025-06-21 19:41:32.615203,2025-06-21 19:41:33.219364,0.604104995727539,1,36.8442787270652,8
290,2025-06-21 19:41:32.764883,2025-06-21 19:41:33.309551,0.544546127319336,0,6.39590734415805,8
289,2025-06-21 19:41:32.733055,2025-06-21 19:41:33.341335,0.608218908309937,1,17.5287105549236,8
291,2025-06-21 19:41:32.920275,2025-06-21 19:41:33.451453,0.531118154525757,0,5.84012030414654,8
292,2025-06-21 19:41:33.031011,2025-06-21 19:41:33.588594,0.557522058486938,1,13.1603300380665,8
293,2025-06-21 19:41:33.125969,2025-06-21 19:41:33.655142,0.529099941253662,1,24.8462401214072,8
294,2025-06-21 19:41:33.182542,2025-06-21 19:41:33.732234,0.549635887145996,0,3.04665260033855,8
295,2025-06-21 19:41:33.230152,2025-06-21 19:41:33.797252,0.566967010498047,0,9.93053711287224,8
296,2025-06-21 19:41:33.334991,2025-06-21 19:41:33.945973,0.610918045043945,1,27.3916166147768,8
297,2025-06-21 19:41:33.357068,2025-06-21 19:41:33.962069,0.604936122894287,1,36.9787712190491,8
298,2025-06-21 19:41:33.475797,2025-06-21 19:41:34.098395,0.622536897659302,1,20.8604495942766,8
300,2025-06-21 19:41:33.671367,2025-06-21 19:41:34.226359,0.55492901802063,0,8.87010479642523,8
299,2025-06-21 19:41:33.616463,2025-06-21 19:41:34.245693,0.62910795211792,1,18.3739357445108,8
301,2025-06-21 19:41:33.747371,2025-06-21 19:41:34.317824,0.570389032363892,0,3.22728923998732,8
302,2025-06-21 19:41:33.822067,2025-06-21 19:41:34.372675,0.550543069839478,0,3.25220098306899,8
304,2025-06-21 19:41:33.985436,2025-06-21 19:41:34.480494,0.494905948638916,0,1.01312568618302,8
303,2025-06-21 19:41:33.962804,2025-06-21 19:41:34.499867,0.537004947662354,1,19.5691254866512,8
305,2025-06-21 19:41:34.122518,2025-06-21 19:41:34.747307,0.624728918075562,1,23.0092592482051,8
307,2025-06-21 19:41:34.26475,2025-06-21 19:41:34.817569,0.552756071090698,1,17.9670514470592,8
306,2025-06-21 19:41:34.245456,2025-06-21 19:41:34.841681,0.596168994903564,0,9.63966931371155,8
308,2025-06-21 19:41:34.329458,2025-06-21 19:41:34.904945,0.57542610168457,1,17.8942854323225,8
309,2025-06-21 19:41:34.402167,2025-06-21 19:41:34.959422,0.557121992111206,0,3.25172783429934,8
310,2025-06-21 19:41:34.503278,2025-06-21 19:41:35.074828,0.571494102478027,1,19.7719990592317,8
311,2025-06-21 19:41:34.52235,2025-06-21 19:41:35.07796,0.555489063262939,1,153.824946249362,8
312,2025-06-21 19:41:34.764945,2025-06-21 19:41:35.345621,0.580558061599731,0,9.89500328438483,8
314,2025-06-21 19:41:34.856708,2025-06-21 19:41:35.423493,0.566725969314575,0,6.50040266980621,8
313,2025-06-21 19:41:34.838532,2025-06-21 19:41:35.426447,0.58785605430603,1,40.4762609009931,8
315,2025-06-21 19:41:34.923135,2025-06-21 19:41:35.489853,0.566637992858887,0,7.91803707687102,8
316,2025-06-21 19:41:34.993834,2025-06-21 19:41:35.571594,0.577699184417725,0,5.91595154707718,8
318,2025-06-21 19:41:35.096852,2025-06-21 19:41:35.630435,0.533524036407471,1,30.9878199674871,8
317,2025-06-21 19:41:35.09528,2025-06-21 19:41:35.690207,0.594758987426758,1,24.4945190092503,8
319,2025-06-21 19:41:35.385626,2025-06-21 19:41:35.951902,0.566220045089722,1,36.4394590333803,8
320,2025-06-21 19:41:35.440799,2025-06-21 19:41:36.018089,0.577224969863892,1,44.8603218489827,8
321,2025-06-21 19:41:35.442586,2025-06-21 19:41:36.047813,0.605170011520386,1,17.2401561112872,8
322,2025-06-21 19:41:35.518719,2025-06-21 19:41:36.050688,0.531913042068481,1,15.149181085408,8
323,2025-06-21 19:41:35.593556,2025-06-21 19:41:36.196042,0.602430820465088,0,6.9107622444383,8
324,2025-06-21 19:41:35.652954,2025-06-21 19:41:36.224441,0.571429967880249,1,19.3978651068082,8
325,2025-06-21 19:41:35.712252,2025-06-21 19:41:36.291485,0.579174995422363,1,24.4239529016826,8
326,2025-06-21 19:41:35.967687,2025-06-21 19:41:36.542568,0.574821949005127,0,8.38437038601715,8
329,2025-06-21 19:41:36.06376,2025-06-21 19:41:36.598859,0.534971952438354,0,10.1716150067742,8
328,2025-06-21 19:41:36.062499,2025-06-21 19:41:36.605149,0.542585134506226,0,6.70757481375869,8
327,2025-06-21 19:41:36.040838,2025-06-21 19:41:36.620408,0.579517126083374,0,0.9227096642749,8
330,2025-06-21 19:41:36.22133,2025-06-21 19:41:36.791895,0.57050085067749,1,25.986486267846,8
331,2025-06-21 19:41:36.24281,2025-06-21 19:41:36.810078,0.567209005355835,0,3.6727480498828,8
332,2025-06-21 19:41:36.306484,2025-06-21 19:41:36.839649,0.533104181289673,0,10.3369773662383,8
333,2025-06-21 19:41:36.563504,2025-06-21 19:41:37.107212,0.543650150299072,0,4.64719611915215,8
335,2025-06-21 19:41:36.625277,2025-06-21 19:41:37.192616,0.56727409362793,1,33.8035824442173,8
334,2025-06-21 19:41:36.61794,2025-06-21 19:41:37.2283,0.610294818878174,1,24.8891883454759,8
336,2025-06-21 19:41:36.649941,2025-06-21 19:41:37.239733,0.589733123779297,0,4.27665608460985,8
337,2025-06-21 19:41:36.81247,2025-06-21 19:41:37.361102,0.548563957214355,0,7.38431608207299,8
339,2025-06-21 19:41:36.860279,2025-06-21 19:41:37.361477,0.501137971878052,0,2.76258171705863,8
338,2025-06-21 19:41:36.828467,2025-06-21 19:41:37.429251,0.60071587562561,0,6.86545974173522,8
340,2025-06-21 19:41:37.132943,2025-06-21 19:41:37.648949,0.515946865081787,0,4.44572253608326,8
341,2025-06-21 19:41:37.216048,2025-06-21 19:41:37.767909,0.551793098449707,1,16.8889575982429,8
342,2025-06-21 19:41:37.248965,2025-06-21 19:41:37.876336,0.627305030822754,0,8.23058784487735,8
345,2025-06-21 19:41:37.375482,2025-06-21 19:41:37.957147,0.581609964370728,1,128.97338839148,8
344,2025-06-21 19:41:37.376528,2025-06-21 19:41:37.975775,0.59918999671936,0,9.40687273483839,8
346,2025-06-21 19:41:37.444023,2025-06-21 19:41:38.011665,0.56758189201355,0,9.87463099486644,8
343,2025-06-21 19:41:37.262034,2025-06-21 19:41:38.073333,0.811233997344971,0,6.56409276852456,8
347,2025-06-21 19:41:37.674811,2025-06-21 19:41:38.217904,0.543030977249146,0,7.10968442266557,8
348,2025-06-21 19:41:37.784859,2025-06-21 19:41:38.343945,0.559022903442383,0,9.35518413841789,8
349,2025-06-21 19:41:37.895224,2025-06-21 19:41:38.465514,0.570220947265625,0,7.04584556972711,8
351,2025-06-21 19:41:38.000648,2025-06-21 19:41:38.573737,0.573032140731812,1,12.7685195660135,8
350,2025-06-21 19:41:37.975342,2025-06-21 19:41:38.609476,0.63407301902771,0,5.58040752883867,8
353,2025-06-21 19:41:38.098327,2025-06-21 19:41:38.62432,0.52593207359314,1,13.2436011674472,8
352,2025-06-21 19:41:38.024737,2025-06-21 19:41:38.623648,0.598855018615723,0,6.29602394918796,8
354,2025-06-21 19:41:38.239857,2025-06-21 19:41:38.867919,0.628001928329468,0,9.95889634705942,8
355,2025-06-21 19:41:38.365815,2025-06-21 19:41:38.913561,0.547683000564575,0,4.47360350237097,8
356,2025-06-21 19:41:38.48532,2025-06-21 19:41:39.063989,0.578613042831421,0,11.1291109419697,8
358,2025-06-21 19:41:38.631498,2025-06-21 19:41:39.162058,0.530501127243042,0,10.6922230841661,8
357,2025-06-21 19:41:38.590596,2025-06-21 19:41:39.175395,0.584737062454224,0,5.544589985603,8
360,2025-06-21 19:41:38.644441,2025-06-21 19:41:39.212125,0.567619800567627,0,4.09120383165701,8
359,2025-06-21 19:41:38.642084,2025-06-21 19:41:39.225977,0.583820104598999,0,6.95512408553318,8
361,2025-06-21 19:41:38.887717,2025-06-21 19:41:39.456541,0.568763017654419,0,5.78683135975545,8
362,2025-06-21 19:41:38.93054,2025-06-21 19:41:39.488331,0.55767297744751,1,22.1840883920806,8
363,2025-06-21 19:41:39.084733,2025-06-21 19:41:39.640587,0.555796146392822,1,15.6801856609796,8
364,2025-06-21 19:41:39.182553,2025-06-21 19:41:39.767616,0.585006952285767,0,11.2970835664235,8
365,2025-06-21 19:41:39.193967,2025-06-21 19:41:39.77594,0.581914901733398,0,8.59808227415369,8
366,2025-06-21 19:41:39.231346,2025-06-21 19:41:39.800873,0.569468021392822,0,11.6205491953479,8
367,2025-06-21 19:41:39.236826,2025-06-21 19:41:39.84029,0.603408098220825,1,14.3837258927087,8
368,2025-06-21 19:41:39.477255,2025-06-21 19:41:40.05662,0.579306840896606,0,6.57937022838077,8
369,2025-06-21 19:41:39.503314,2025-06-21 19:41:40.062204,0.558830976486206,0,3.7805369238488,8
370,2025-06-21 19:41:39.656729,2025-06-21 19:41:40.208095,0.551307201385498,1,19.795077060944,8
373,2025-06-21 19:41:39.821358,2025-06-21 19:41:40.36788,0.54640793800354,0,5.15784758838067,8
372,2025-06-21 19:41:39.793686,2025-06-21 19:41:40.371833,0.578024864196777,1,37.0042602841842,8
371,2025-06-21 19:41:39.784109,2025-06-21 19:41:40.407924,0.623691082000732,1,13.9411009212256,8
374,2025-06-21 19:41:39.859922,2025-06-21 19:41:40.428626,0.568650960922241,1,13.966183012444,8
376,2025-06-21 19:41:40.077255,2025-06-21 19:41:40.582567,0.505250930786133,0,8.52825770666627,8
375,2025-06-21 19:41:40.074728,2025-06-21 19:41:40.599205,0.524417161941528,0,5.46039323647783,8
377,2025-06-21 19:41:40.219594,2025-06-21 19:41:40.762219,0.542513847351074,0,4.3164376729623,8
379,2025-06-21 19:41:40.388025,2025-06-21 19:41:41.007437,0.619352102279663,1,17.8240702741449,8
380,2025-06-21 19:41:40.426023,2025-06-21 19:41:41.02404,0.597956895828247,1,27.8006924228713,8
378,2025-06-21 19:41:40.384218,2025-06-21 19:41:41.036845,0.65250301361084,1,22.6989229766537,8
381,2025-06-21 19:41:40.445126,2025-06-21 19:41:41.049558,0.604373931884766,1,24.7865619361862,8
382,2025-06-21 19:41:40.593796,2025-06-21 19:41:41.190607,0.596755027770996,0,5.9923109320569,8
383,2025-06-21 19:41:40.615635,2025-06-21 19:41:41.210515,0.594812870025635,1,21.9495321474597,8
384,2025-06-21 19:41:40.782737,2025-06-21 19:41:41.354837,0.572036027908325,1,18.0160327469815,8
386,2025-06-21 19:41:41.04191,2025-06-21 19:41:41.600827,0.5588538646698,1,15.2433878299911,8
388,2025-06-21 19:41:41.071923,2025-06-21 19:41:41.632589,0.56060791015625,1,25.6313402079608,8
385,2025-06-21 19:41:41.035608,2025-06-21 19:41:41.629334,0.593667984008789,0,2.35656518744868,8
387,2025-06-21 19:41:41.059721,2025-06-21 19:41:41.648124,0.588348150253296,0,7.20340432161732,8
389,2025-06-21 19:41:41.216691,2025-06-21 19:41:41.793128,0.576311111450195,1,85.4604197356237,8
390,2025-06-21 19:41:41.237996,2025-06-21 19:41:41.841175,0.603116989135742,1,12.7411485494627,8
391,2025-06-21 19:41:41.372507,2025-06-21 19:41:41.985782,0.613216876983643,1,34.9454822474731,8
392,2025-06-21 19:41:41.624241,2025-06-21 19:41:42.141341,0.517041921615601,0,11.8225228594339,8
394,2025-06-21 19:41:41.647076,2025-06-21 19:41:42.232576,0.585439920425415,1,16.2400184341065,8
393,2025-06-21 19:41:41.645554,2025-06-21 19:41:42.238573,0.592963933944702,0,5.89475201619429,8
395,2025-06-21 19:41:41.672979,2025-06-21 19:41:42.266226,0.593189001083374,1,32.4092973867182,8
396,2025-06-21 19:41:41.814914,2025-06-21 19:41:42.39853,0.583553075790405,1,33.1836176863486,8
397,2025-06-21 19:41:41.859265,2025-06-21 19:41:42.408597,0.549270868301392,0,1.31405490147608,8
398,2025-06-21 19:41:42.002135,2025-06-21 19:41:42.542275,0.540083169937134,0,10.037162844382,8
399,2025-06-21 19:41:42.158843,2025-06-21 19:41:42.683941,0.525017976760864,0,3.50962571057096,8
400,2025-06-21 19:41:42.250185,2025-06-21 19:41:42.814196,0.563938856124878,1,17.5238990292153,8
401,2025-06-21 19:41:42.2517,2025-06-21 19:41:42.88648,0.634651899337769,1,72.7922148190175,8
402,2025-06-21 19:41:42.29648,2025-06-21 19:41:42.912394,0.615769863128662,0,10.885834409885,8
403,2025-06-21 19:41:42.415508,2025-06-21 19:41:42.945282,0.529700994491577,1,32.15845293264,8
404,2025-06-21 19:41:42.429988,2025-06-21 19:41:43.044545,0.61449384689331,0,6.94364871025219,8
405,2025-06-21 19:41:42.558867,2025-06-21 19:41:43.172502,0.613566160202026,1,40.9342535126688,8
406,2025-06-21 19:41:42.724468,2025-06-21 19:41:43.265121,0.540582180023193,1,21.5494833899912,8
407,2025-06-21 19:41:42.833906,2025-06-21 19:41:43.430495,0.596531867980957,0,5.94298824920582,8
408,2025-06-21 19:41:42.902966,2025-06-21 19:41:43.490123,0.587094068527222,0,6.11988340270728,8
409,2025-06-21 19:41:42.930999,2025-06-21 19:41:43.49414,0.563019037246704,1,32.4374657187864,8
410,2025-06-21 19:41:42.961018,2025-06-21 19:41:43.556257,0.595179080963135,0,7.51285478137945,8
411,2025-06-21 19:41:43.06575,2025-06-21 19:41:43.617255,0.551454067230225,1,14.2228653641581,8
412,2025-06-21 19:41:43.18668,2025-06-21 19:41:43.753423,0.566626071929932,0,8.56271960879681,8
413,2025-06-21 19:41:43.28591,2025-06-21 19:41:43.830254,0.544291019439697,1,15.5092232157098,8
414,2025-06-21 19:41:43.458289,2025-06-21 19:41:44.045347,0.586996793746948,0,11.989375479045,8
416,2025-06-21 19:41:43.509407,2025-06-21 19:41:44.088099,0.578634023666382,0,6.56736473095326,8
415,2025-06-21 19:41:43.508117,2025-06-21 19:41:44.11167,0.603495836257935,0,11.8266438130841,8
417,2025-06-21 19:41:43.578986,2025-06-21 19:41:44.154161,0.575118064880371,0,11.6688587686724,8
418,2025-06-21 19:41:43.638095,2025-06-21 19:41:44.188729,0.55057692527771,1,18.0649779754448,8
419,2025-06-21 19:41:43.775658,2025-06-21 19:41:44.310373,0.534654855728149,1,27.0190134053303,8
420,2025-06-21 19:41:43.849134,2025-06-21 19:41:44.431135,0.581938982009888,0,1.13913590379038,8
421,2025-06-21 19:41:44.058857,2025-06-21 19:41:44.626991,0.568073034286499,1,138.356748934077,8
423,2025-06-21 19:41:44.136109,2025-06-21 19:41:44.684671,0.548496961593628,0,6.30421878951289,8
422,2025-06-21 19:41:44.105581,2025-06-21 19:41:44.696559,0.590914964675903,1,33.1010616573725,8
425,2025-06-21 19:41:44.208538,2025-06-21 19:41:44.736164,0.527568101882935,1,42.4707025360909,8
424,2025-06-21 19:41:44.174193,2025-06-21 19:41:44.75602,0.581769943237305,1,14.7814618201539,8
426,2025-06-21 19:41:44.324643,2025-06-21 19:41:44.860888,0.536126136779785,1,20.9833434091846,8
427,2025-06-21 19:41:44.449233,2025-06-21 19:41:45.055955,0.606659889221191,0,5.3502049825711,8
428,2025-06-21 19:41:44.644787,2025-06-21 19:41:45.216853,0.572007894515991,1,20.1896933490965,8
429,2025-06-21 19:41:44.702557,2025-06-21 19:41:45.287845,0.585226058959961,0,7.37731449160318,8
430,2025-06-21 19:41:44.715399,2025-06-21 19:41:45.291082,0.575623035430908,1,20.8457165246263,8
431,2025-06-21 19:41:44.754676,2025-06-21 19:41:45.335187,0.580365896224976,1,18.1809006537602,8
432,2025-06-21 19:41:44.772923,2025-06-21 19:41:45.339211,0.566161155700684,1,26.8195924033942,8
433,2025-06-21 19:41:44.881005,2025-06-21 19:41:45.433933,0.552865982055664,0,8.98664460652055,8
434,2025-06-21 19:41:45.080788,2025-06-21 19:41:45.670434,0.589585065841675,1,12.8813084088881,8
437,2025-06-21 19:41:45.307868,2025-06-21 19:41:45.813344,0.505418062210083,1,27.951011871084,8
436,2025-06-21 19:41:45.302738,2025-06-21 19:41:45.858935,0.556131839752197,0,7.57235860361699,8
435,2025-06-21 19:41:45.2338,2025-06-21 19:41:45.860883,0.627021074295044,0,5.07642260256759,8
438,2025-06-21 19:41:45.352265,2025-06-21 19:41:45.909588,0.5572669506073,0,7.52312133744597,8
439,2025-06-21 19:41:45.354716,2025-06-21 19:41:45.964265,0.609484910964966,0,7.04810856252087,8
440,2025-06-21 19:41:45.449512,2025-06-21 19:41:46.06943,0.619859933853149,0,11.2786230789278,8
441,2025-06-21 19:41:45.695381,2025-06-21 19:41:46.222481,0.527040958404541,1,19.4541262301258,8
444,2025-06-21 19:41:45.876759,2025-06-21 19:41:46.399329,0.522457122802734,0,8.10258561638761,8
443,2025-06-21 19:41:45.874293,2025-06-21 19:41:46.415323,0.540971994400024,1,14.2660677000302,8
442,2025-06-21 19:41:45.825869,2025-06-21 19:41:46.430492,0.6045081615448,1,26.2902711254062,8
445,2025-06-21 19:41:45.925826,2025-06-21 19:41:46.464196,0.538309097290039,0,11.1288357895078,8
446,2025-06-21 19:41:45.985545,2025-06-21 19:41:46.576779,0.591116905212402,0,11.2417889251096,8
447,2025-06-21 19:41:46.085188,2025-06-21 19:41:46.667222,0.581976890563965,1,25.8271129421909,8
448,2025-06-21 19:41:46.242934,2025-06-21 19:41:46.830156,0.587158203125,1,48.8287500524218,8
449,2025-06-21 19:41:46.412747,2025-06-21 19:41:46.951863,0.539047002792358,0,9.03838026694218,8
450,2025-06-21 19:41:46.426096,2025-06-21 19:41:46.983177,0.557018995285034,1,29.2571813596025,8
451,2025-06-21 19:41:46.445598,2025-06-21 19:41:46.982281,0.536625862121582,0,6.26355516511725,8
452,2025-06-21 19:41:46.480554,2025-06-21 19:41:47.099524,0.61890983581543,0,10.7985625192595,8
453,2025-06-21 19:41:46.596261,2025-06-21 19:41:47.176777,0.580398082733154,1,47.6476137623129,8
454,2025-06-21 19:41:46.681194,2025-06-21 19:41:47.295297,0.614038944244385,1,24.5306840265019,8
455,2025-06-21 19:41:46.842957,2025-06-21 19:41:47.393066,0.550045013427734,1,92.0093807162908,8
458,2025-06-21 19:41:46.997722,2025-06-21 19:41:47.543871,0.54609203338623,0,3.13573577654124,8
457,2025-06-21 19:41:46.995788,2025-06-21 19:41:47.548654,0.552386999130249,0,3.49583614029084,8
456,2025-06-21 19:41:46.968611,2025-06-21 19:41:47.561264,0.592590093612671,0,2.60978145023735,8
459,2025-06-21 19:41:47.115512,2025-06-21 19:41:47.652856,0.537225008010864,0,1.82845904738837,8
460,2025-06-21 19:41:47.195817,2025-06-21 19:41:47.747377,0.551500082015991,1,18.3455874824236,8
461,2025-06-21 19:41:47.317757,2025-06-21 19:41:47.947425,0.629539966583252,0,3.42509139246322,8
462,2025-06-21 19:41:47.40746,2025-06-21 19:41:47.954878,0.547361135482788,0,4.47097553602811,8
464,2025-06-21 19:41:47.564712,2025-06-21 19:41:48.117038,0.552263021469116,1,12.3086776540069,8
463,2025-06-21 19:41:47.555376,2025-06-21 19:41:48.148979,0.593547105789185,1,16.7964958880463,8
465,2025-06-21 19:41:47.582029,2025-06-21 19:41:48.180441,0.598348140716553,0,5.56611336023658,8
466,2025-06-21 19:41:47.668393,2025-06-21 19:41:48.222588,0.554073095321655,0,7.39188782072288,8
467,2025-06-21 19:41:47.772827,2025-06-21 19:41:48.370638,0.597747802734375,1,17.6086801039636,8
468,2025-06-21 19:41:47.962492,2025-06-21 19:41:48.556156,0.593606948852539,1,24.8176748232655,8
469,2025-06-21 19:41:47.965342,2025-06-21 19:41:48.562248,0.596750020980835,1,19.5782742015594,8
470,2025-06-21 19:41:48.133579,2025-06-21 19:41:48.67704,0.543401002883911,0,8.56278846411509,8
471,2025-06-21 19:41:48.167465,2025-06-21 19:41:48.678594,0.510772228240967,0,11.9890791684543,8
472,2025-06-21 19:41:48.194758,2025-06-21 19:41:48.747533,0.552717208862305,0,1.40827044629866,8
473,2025-06-21 19:41:48.242464,2025-06-21 19:41:48.77562,0.533098936080933,0,2.73279248471624,8
474,2025-06-21 19:41:48.388482,2025-06-21 19:41:49.00255,0.613986015319824,0,11.3461424487261,8
475,2025-06-21 19:41:48.585004,2025-06-21 19:41:49.138606,0.553535938262939,0,8.7424369474665,8
476,2025-06-21 19:41:48.588643,2025-06-21 19:41:49.210346,0.621642112731934,0,6.51881970615101,8
477,2025-06-21 19:41:48.696455,2025-06-21 19:41:49.244799,0.548277854919434,1,26.1597148609932,8
478,2025-06-21 19:41:48.703514,2025-06-21 19:41:49.277379,0.573668956756592,0,7.58353627291747,8
479,2025-06-21 19:41:48.771858,2025-06-21 19:41:49.376074,0.604156017303467,0,3.16979961306688,8
480,2025-06-21 19:41:48.789169,2025-06-21 19:41:49.372547,0.58331298828125,1,33.3699129015776,8
481,2025-06-21 19:41:49.028908,2025-06-21 19:41:49.576167,0.547147989273071,1,17.0740991561931,8
482,2025-06-21 19:41:49.170163,2025-06-21 19:41:49.76552,0.595293045043945,1,17.4417600051028,8
484,2025-06-21 19:41:49.269003,2025-06-21 19:41:49.877301,0.608177900314331,1,12.615263915198,8
483,2025-06-21 19:41:49.232175,2025-06-21 19:41:49.895674,0.663439035415649,1,15.9032382477857,8
485,2025-06-21 19:41:49.296282,2025-06-21 19:41:49.919297,0.622958898544312,1,20.447381274852,8
487,2025-06-21 19:41:49.520378,2025-06-21 19:41:50.134241,0.613806009292603,1,13.3769676456424,8
486,2025-06-21 19:41:49.396093,2025-06-21 19:41:50.159223,0.763069868087769,1,8.13951142506391,8
488,2025-06-21 19:41:49.60169,2025-06-21 19:41:50.210025,0.608211040496826,1,22.9644196536609,8
489,2025-06-21 19:41:49.78478,2025-06-21 19:41:50.421231,0.636332035064697,1,29.5577399229666,8
492,2025-06-21 19:41:49.934372,2025-06-21 19:41:50.489727,0.555303812026978,1,22.5190092673486,8
491,2025-06-21 19:41:49.919631,2025-06-21 19:41:50.528776,0.609086990356445,0,4.15790268346552,8
490,2025-06-21 19:41:49.896255,2025-06-21 19:41:50.592046,0.695732116699219,0,3.80893061174263,8
493,2025-06-21 19:41:50.14772,2025-06-21 19:41:50.713039,0.56525707244873,1,29.360024759492,8
494,2025-06-21 19:41:50.175701,2025-06-21 19:41:50.769828,0.594068050384521,1,14.9707677821467,8
495,2025-06-21 19:41:50.23032,2025-06-21 19:41:50.797481,0.567098140716553,1,19.8521483313223,8
496,2025-06-21 19:41:50.451226,2025-06-21 19:41:51.07153,0.620246171951294,1,256.752122417354,8
497,2025-06-21 19:41:50.512035,2025-06-21 19:41:51.082236,0.570141077041626,0,2.65447110928205,8
498,2025-06-21 19:41:50.550359,2025-06-21 19:41:51.178028,0.627612113952637,1,22.2342425259709,8
499,2025-06-21 19:41:50.61227,2025-06-21 19:41:51.224253,0.611917018890381,1,37.3428686388378,8
500,2025-06-21 19:41:50.73292,2025-06-21 19:41:51.371741,0.638715028762817,1,34.3597503823408,8
501,2025-06-21 19:41:50.78726,2025-06-21 19:41:51.479358,0.692044973373413,0,3.27720215042871,8
502,2025-06-21 19:41:50.813524,2025-06-21 19:41:51.492745,0.6791090965271,1,16.2272968203771,8
503,2025-06-21 19:41:51.095588,2025-06-21 19:41:51.734303,0.63866114616394,0,4.36164880751342,8
504,2025-06-21 19:41:51.102373,2025-06-21 19:41:51.75401,0.651582956314087,0,4.49878394963509,8
505,2025-06-21 19:41:51.191858,2025-06-21 19:41:51.81527,0.623172998428345,0,12.1799590500485,8
506,2025-06-21 19:41:51.238609,2025-06-21 19:41:51.855066,0.616405010223389,0,9.33876347322125,8
507,2025-06-21 19:41:51.390564,2025-06-21 19:41:51.965388,0.574765920639038,1,16.314872454303,8
508,2025-06-21 19:41:51.513114,2025-06-21 19:41:52.07584,0.562666893005371,1,30.3535057489192,8
509,2025-06-21 19:41:51.534708,2025-06-21 19:41:52.147888,0.613115072250366,1,21.8476426536708,8
510,2025-06-21 19:41:51.746851,2025-06-21 19:41:52.284483,0.537572145462036,0,1.7997596216127,8
511,2025-06-21 19:41:51.772044,2025-06-21 19:41:52.349329,0.577224016189575,1,13.6004842376804,8
513,2025-06-21 19:41:51.867812,2025-06-21 19:41:52.369174,0.501305818557739,1,28.5664317601978,8
512,2025-06-21 19:41:51.839321,2025-06-21 19:41:52.383651,0.544207811355591,0,5.14802530019999,8
514,2025-06-21 19:41:51.986963,2025-06-21 19:41:52.527458,0.540419101715088,1,19.075327330854,8
515,2025-06-21 19:41:52.097783,2025-06-21 19:41:52.664193,0.566352844238281,0,4.47834118982946,8
516,2025-06-21 19:41:52.170164,2025-06-21 19:41:52.771011,0.599798917770386,1,118.412594907572,8
517,2025-06-21 19:41:52.305,2025-06-21 19:41:52.845176,0.540114879608154,0,1.05870308894124,8
518,2025-06-21 19:41:52.370247,2025-06-21 19:41:52.926434,0.556077003479004,1,47.606824056836,8
520,2025-06-21 19:41:52.401634,2025-06-21 19:41:52.936332,0.534574031829834,1,16.3166983322242,8
519,2025-06-21 19:41:52.389713,2025-06-21 19:41:52.939104,0.54932713508606,1,21.1856972326014,8
521,2025-06-21 19:41:52.55201,2025-06-21 19:41:53.150044,0.597973108291626,1,29.3268529164597,8
522,2025-06-21 19:41:52.685998,2025-06-21 19:41:53.232453,0.546398162841797,0,10.1975813556914,8
523,2025-06-21 19:41:52.795226,2025-06-21 19:41:53.336722,0.541378021240234,0,5.33866938229869,8
524,2025-06-21 19:41:52.867147,2025-06-21 19:41:53.441618,0.574411153793335,1,12.566569194331,8
525,2025-06-21 19:41:52.946075,2025-06-21 19:41:53.51627,0.570139169692993,0,10.3958612535722,8
526,2025-06-21 19:41:52.951033,2025-06-21 19:41:53.536864,0.585772037506104,0,1.17709704799556,8
527,2025-06-21 19:41:52.95143,2025-06-21 19:41:53.550136,0.598648071289062,1,17.8989668645394,8
528,2025-06-21 19:41:53.168118,2025-06-21 19:41:53.716252,0.548075199127197,1,16.9672010705135,8
529,2025-06-21 19:41:53.253123,2025-06-21 19:41:53.740827,0.487648010253906,1,18.1499756697391,8
530,2025-06-21 19:41:53.358152,2025-06-21 19:41:53.893034,0.534822940826416,0,10.5637060741104,8
531,2025-06-21 19:41:53.463985,2025-06-21 19:41:54.033445,0.569318056106567,1,21.9741070338777,8
532,2025-06-21 19:41:53.534535,2025-06-21 19:41:54.088343,0.55374813079834,0,5.70974977845443,8
534,2025-06-21 19:41:53.566112,2025-06-21 19:41:54.128588,0.562413930892944,0,8.88767445474481,8
533,2025-06-21 19:41:53.551807,2025-06-21 19:41:54.146851,0.59499192237854,0,3.99376793885954,8
535,2025-06-21 19:41:53.734873,2025-06-21 19:41:54.326212,0.591283082962036,1,19.5932323190748,8
536,2025-06-21 19:41:53.758171,2025-06-21 19:41:54.358695,0.600462913513184,1,15.9002245072444,8
537,2025-06-21 19:41:53.913605,2025-06-21 19:41:54.455385,0.541723012924194,0,11.3142083754555,8
539,2025-06-21 19:41:54.109942,2025-06-21 19:41:54.634765,0.524760961532593,0,5.93643343173825,8
538,2025-06-21 19:41:54.056656,2025-06-21 19:41:54.649982,0.593213081359863,0,0.670524967114346,8
541,2025-06-21 19:41:54.160205,2025-06-21 19:41:54.690209,0.529937982559204,0,4.75968327702929,8
540,2025-06-21 19:41:54.140946,2025-06-21 19:41:54.725923,0.584918975830078,0,3.58558291818412,8
542,2025-06-21 19:41:54.341527,2025-06-21 19:41:54.873808,0.532222032546997,1,31.8049152318879,8
543,2025-06-21 19:41:54.378298,2025-06-21 19:41:54.943197,0.56484317779541,1,15.27718115231,8
544,2025-06-21 19:41:54.471693,2025-06-21 19:41:55.012048,0.540295839309692,0,10.2879890628256,8
546,2025-06-21 19:41:54.663647,2025-06-21 19:41:55.222529,0.558820962905884,0,7.24159892211426,8
545,2025-06-21 19:41:54.656101,2025-06-21 19:41:55.223608,0.567161083221436,0,9.36985630112164,8
547,2025-06-21 19:41:54.704382,2025-06-21 19:41:55.238849,0.534397840499878,0,8.24484808343057,8
548,2025-06-21 19:41:54.741613,2025-06-21 19:41:55.325079,0.583408832550049,0,11.861640143772,8
549,2025-06-21 19:41:54.889502,2025-06-21 19:41:55.47429,0.584728956222534,0,11.8534842152561,8
550,2025-06-21 19:41:54.960282,2025-06-21 19:41:55.535474,0.575134038925171,1,34.7925255943738,8
551,2025-06-21 19:41:55.030273,2025-06-21 19:41:55.537004,0.50667405128479,1,22.1053231837703,8
552,2025-06-21 19:41:55.237966,2025-06-21 19:41:55.730965,0.492875099182129,1,38.2419990710459,8
553,2025-06-21 19:41:55.241237,2025-06-21 19:41:55.844975,0.603685140609741,0,4.23963888461755,8
554,2025-06-21 19:41:55.253242,2025-06-21 19:41:55.922952,0.669649124145508,1,18.6337605098919,8
555,2025-06-21 19:41:55.343945,2025-06-21 19:41:56.045104,0.70110011100769,1,37.3670772901754,8
556,2025-06-21 19:41:55.494501,2025-06-21 19:41:56.118428,0.623864889144897,0,11.9225709515285,8
557,2025-06-21 19:41:55.548181,2025-06-21 19:41:56.189389,0.64109206199646,0,4.9894873724247,8
558,2025-06-21 19:41:55.552462,2025-06-21 19:41:56.210905,0.658385992050171,0,6.83016109119212,8
560,2025-06-21 19:41:55.861892,2025-06-21 19:41:56.359095,0.49714207649231,1,16.5446289600913,8
559,2025-06-21 19:41:55.749529,2025-06-21 19:41:56.360365,0.610781908035278,0,3.58784146354084,8
561,2025-06-21 19:41:55.932859,2025-06-21 19:41:56.518523,0.585601806640625,0,10.6485583976957,8
562,2025-06-21 19:41:56.058334,2025-06-21 19:41:56.585105,0.526709079742432,1,26.4813415749153,8
563,2025-06-21 19:41:56.140228,2025-06-21 19:41:56.704608,0.564263105392456,0,5.83027419938941,8
565,2025-06-21 19:41:56.220723,2025-06-21 19:41:56.750384,0.529603958129883,1,12.7020437847773,8
564,2025-06-21 19:41:56.213724,2025-06-21 19:41:56.805079,0.591293096542358,0,9.11465794272718,8
567,2025-06-21 19:41:56.376551,2025-06-21 19:41:56.878215,0.501605033874512,0,8.32042868042055,8
566,2025-06-21 19:41:56.370096,2025-06-21 19:41:56.913591,0.543429136276245,0,5.39218949413467,8
568,2025-06-21 19:41:56.539159,2025-06-21 19:41:57.092189,0.552969932556152,0,2.06859587670441,8
569,2025-06-21 19:41:56.604209,2025-06-21 19:41:57.146771,0.542504072189331,0,12.3903304414636,8
570,2025-06-21 19:41:56.719098,2025-06-21 19:41:57.264558,0.545397996902466,0,0.331634463059781,8
571,2025-06-21 19:41:56.763411,2025-06-21 19:41:57.317558,0.554089069366455,1,15.7704511753494,8
572,2025-06-21 19:41:56.824037,2025-06-21 19:41:57.399469,0.57537317276001,1,156.599838424011,8
573,2025-06-21 19:41:56.892887,2025-06-21 19:41:57.419401,0.52645993232727,0,4.461705807362,8
574,2025-06-21 19:41:56.928652,2025-06-21 19:41:57.532588,0.603877067565918,1,16.6835374749961,8
575,2025-06-21 19:41:57.109487,2025-06-21 19:41:57.688173,0.578620910644531,0,9.9587551547015,8
576,2025-06-21 19:41:57.163307,2025-06-21 19:41:57.719129,0.555767059326172,1,25.0227172261016,8
577,2025-06-21 19:41:57.289459,2025-06-21 19:41:57.837714,0.548201084136963,1,13.3403202311527,8
578,2025-06-21 19:41:57.334224,2025-06-21 19:41:57.883517,0.549229860305786,1,20.0037843916571,8
580,2025-06-21 19:41:57.434449,2025-06-21 19:41:57.99088,0.556308031082153,0,5.51731470936156,8
579,2025-06-21 19:41:57.417436,2025-06-21 19:41:57.998881,0.581382989883423,0,7.40381730309871,8
581,2025-06-21 19:41:57.549763,2025-06-21 19:41:58.098491,0.548671960830688,1,22.7285212209533,8
583,2025-06-21 19:41:57.734911,2025-06-21 19:41:58.249288,0.514317035675049,1,20.7716177736995,8
582,2025-06-21 19:41:57.698851,2025-06-21 19:41:58.272323,0.573225975036621,0,2.07793337455759,8
584,2025-06-21 19:41:57.854808,2025-06-21 19:41:58.468216,0.61334490776062,1,24.0475515172945,8
586,2025-06-21 19:41:58.012385,2025-06-21 19:41:58.566188,0.553686857223511,0,7.5134165293061,8
585,2025-06-21 19:41:57.903247,2025-06-21 19:41:58.571095,0.667794942855835,1,14.3241655437229,8
587,2025-06-21 19:41:58.014595,2025-06-21 19:41:58.597397,0.582673072814941,1,33.5543818853662,8
588,2025-06-21 19:41:58.114853,2025-06-21 19:41:58.722312,0.607373952865601,1,30.7705930383743,8
589,2025-06-21 19:41:58.268689,2025-06-21 19:41:58.826104,0.557356119155884,1,17.0481605422215,8
590,2025-06-21 19:41:58.288552,2025-06-21 19:41:58.955915,0.667304992675781,0,3.90818925479897,8
591,2025-06-21 19:41:58.495853,2025-06-21 19:41:59.130354,0.634443044662476,0,3.79172267185335,8
592,2025-06-21 19:41:58.590529,2025-06-21 19:41:59.146333,0.555733919143677,1,25.6224695594857,8
593,2025-06-21 19:41:58.591654,2025-06-21 19:41:59.20729,0.615478038787842,0,4.05416888875773,8
594,2025-06-21 19:41:58.612424,2025-06-21 19:41:59.236793,0.624207973480225,1,15.1122344612203,8
595,2025-06-21 19:41:58.781958,2025-06-21 19:41:59.372411,0.590337038040161,1,14.068033432358,8
596,2025-06-21 19:41:58.85728,2025-06-21 19:41:59.462422,0.605065107345581,1,19.3600616194856,8
597,2025-06-21 19:41:58.973152,2025-06-21 19:41:59.57852,0.605304002761841,0,12.3762687473584,8
598,2025-06-21 19:41:59.150137,2025-06-21 19:41:59.731296,0.581106901168823,1,25.5517451853827,8
599,2025-06-21 19:41:59.16771,2025-06-21 19:41:59.758052,0.590213060379028,0,8.43073151032712,8
600,2025-06-21 19:41:59.232208,2025-06-21 19:41:59.790251,0.557983160018921,0,7.21455676573346,8
601,2025-06-21 19:41:59.257799,2025-06-21 19:41:59.822242,0.564368963241577,1,18.360680769765,8
602,2025-06-21 19:41:59.395334,2025-06-21 19:41:59.936286,0.540894985198975,1,21.31013263563,8
603,2025-06-21 19:41:59.481562,2025-06-21 19:42:00.034339,0.55272102355957,1,12.3031045948521,8
604,2025-06-21 19:41:59.598003,2025-06-21 19:42:00.158446,0.560328006744385,0,2.22749419098343,8
605,2025-06-21 19:41:59.759391,2025-06-21 19:42:00.292326,0.532879114151001,0,5.84834779927015,8
606,2025-06-21 19:41:59.783152,2025-06-21 19:42:00.362406,0.579133987426758,0,11.6088049887397,8
607,2025-06-21 19:41:59.814879,2025-06-21 19:42:00.371301,0.556358814239502,0,8.89577972868986,8
608,2025-06-21 19:41:59.842456,2025-06-21 19:42:00.380222,0.537708044052124,0,7.00762625297106,8
609,2025-06-21 19:41:59.952846,2025-06-21 19:42:00.551553,0.598639965057373,1,19.5191338246388,8
610,2025-06-21 19:42:00.056337,2025-06-21 19:42:00.60171,0.545310020446777,1,15.9885294888612,8
611,2025-06-21 19:42:00.18358,2025-06-21 19:42:00.71211,0.528473854064941,0,11.8518148550189,8
612,2025-06-21 19:42:00.310908,2025-06-21 19:42:00.896845,0.585823059082031,1,12.6571711829348,8
613,2025-06-21 19:42:00.38271,2025-06-21 19:42:00.930753,0.547984838485718,1,30.2696640297631,8
615,2025-06-21 19:42:00.400582,2025-06-21 19:42:00.979276,0.57863712310791,1,19.0456931281542,8
614,2025-06-21 19:42:00.394972,2025-06-21 19:42:01.003279,0.608243942260742,1,13.9462440490821,8
616,2025-06-21 19:42:00.574111,2025-06-21 19:42:01.11711,0.54293704032898,1,24.1734499075568,8
617,2025-06-21 19:42:00.615549,2025-06-21 19:42:01.180687,0.565064191818237,0,5.19572976743632,8
618,2025-06-21 19:42:00.73317,2025-06-21 19:42:01.327135,0.593906164169312,0,10.5373225237136,8
619,2025-06-21 19:42:00.918221,2025-06-21 19:42:01.476059,0.557785987854004,1,22.3321784896946,8
620,2025-06-21 19:42:00.943966,2025-06-21 19:42:01.556521,0.612491846084595,0,8.67200924991908,8
622,2025-06-21 19:42:01.017447,2025-06-21 19:42:01.578188,0.560678958892822,1,29.710433727403,8
621,2025-06-21 19:42:01.002277,2025-06-21 19:42:01.580785,0.578436851501465,1,22.7812942350079,8
624,2025-06-21 19:42:01.201266,2025-06-21 19:42:01.713416,0.512090921401978,1,20.6606384539709,8
623,2025-06-21 19:42:01.134824,2025-06-21 19:42:01.714045,0.579164028167725,1,18.9569332979179,8
625,2025-06-21 19:42:01.357308,2025-06-21 19:42:01.902725,0.545301914215088,1,20.4697487401495,8
626,2025-06-21 19:42:01.494972,2025-06-21 19:42:02.057602,0.562574148178101,0,8.94132382071223,8
627,2025-06-21 19:42:01.573567,2025-06-21 19:42:02.145701,0.572074890136719,0,10.4013547164353,8
628,2025-06-21 19:42:01.59866,2025-06-21 19:42:02.164342,0.565623044967651,1,24.4345293625084,8
629,2025-06-21 19:42:01.599146,2025-06-21 19:42:02.207861,0.608660936355591,1,15.4087405411277,8
630,2025-06-21 19:42:01.726108,2025-06-21 19:42:02.325459,0.599224090576172,0,12.3647138667713,8
631,2025-06-21 19:42:01.731156,2025-06-21 19:42:02.338003,0.606786966323853,0,2.41958809140195,8
632,2025-06-21 19:42:01.921507,2025-06-21 19:42:02.474032,0.551963806152344,0,11.5286204387446,8
633,2025-06-21 19:42:02.081579,2025-06-21 19:42:02.652309,0.570671081542969,0,11.5988960880183,8
634,2025-06-21 19:42:02.165549,2025-06-21 19:42:02.754599,0.588992118835449,1,13.4579674921427,8
635,2025-06-21 19:42:02.187743,2025-06-21 19:42:02.792577,0.60477614402771,1,29.4115991501907,8
636,2025-06-21 19:42:02.226243,2025-06-21 19:42:02.858231,0.63191294670105,1,26.9308685286948,8
637,2025-06-21 19:42:02.346346,2025-06-21 19:42:02.909206,0.562808990478516,0,5.83565652788917,8
638,2025-06-21 19:42:02.355882,2025-06-21 19:42:02.940893,0.58495306968689,0,5.50081939921563,8
639,2025-06-21 19:42:02.488939,2025-06-21 19:42:03.121209,0.6322181224823,0,8.57950932074359,8
640,2025-06-21 19:42:02.672462,2025-06-21 19:42:03.292177,0.619652032852173,0,3.54536889634914,8
641,2025-06-21 19:42:02.771069,2025-06-21 19:42:03.366975,0.595848083496094,1,12.7659930195884,8
642,2025-06-21 19:42:02.840989,2025-06-21 19:42:03.395453,0.55440092086792,0,4.67942692720631,8
643,2025-06-21 19:42:02.880703,2025-06-21 19:42:03.418234,0.537474155426025,1,64.5106679035613,8
644,2025-06-21 19:42:02.932019,2025-06-21 19:42:03.516661,0.584583044052124,1,14.0299527260358,8
645,2025-06-21 19:42:02.961382,2025-06-21 19:42:03.596158,0.634716987609863,0,4.47682719559929,8
646,2025-06-21 19:42:03.143118,2025-06-21 19:42:03.737198,0.594018936157227,1,30.4453103252562,8
647,2025-06-21 19:42:03.312928,2025-06-21 19:42:03.89664,0.583655118942261,1,13.4239659230544,8
649,2025-06-21 19:42:03.417028,2025-06-21 19:42:03.966015,0.548858880996704,1,15.2009590281512,8
648,2025-06-21 19:42:03.388164,2025-06-21 19:42:04.001677,0.613373041152954,0,7.88052998087706,8
650,2025-06-21 19:42:03.437622,2025-06-21 19:42:04.04086,0.603177070617676,0,10.7929125456377,8
651,2025-06-21 19:42:03.535845,2025-06-21 19:42:04.089291,0.553296089172363,0,2.59035337995538,8
652,2025-06-21 19:42:03.616609,2025-06-21 19:42:04.209198,0.592535018920898,1,24.1343563747091,8
653,2025-06-21 19:42:03.76471,2025-06-21 19:42:04.326874,0.5621018409729,0,10.2784463610412,8
654,2025-06-21 19:42:03.914507,2025-06-21 19:42:04.529838,0.615271806716919,0,3.95347684211234,8
655,2025-06-21 19:42:03.990262,2025-06-21 19:42:04.573178,0.582859992980957,0,5.75211128423029,8
656,2025-06-21 19:42:04.025894,2025-06-21 19:42:04.589308,0.563354015350342,1,37.5695509732706,8
657,2025-06-21 19:42:04.05516,2025-06-21 19:42:04.631859,0.576642990112305,0,5.95269857974041,8
658,2025-06-21 19:42:04.109961,2025-06-21 19:42:04.732927,0.622845888137817,1,18.0938897811087,8
659,2025-06-21 19:42:04.22508,2025-06-21 19:42:04.793292,0.568156957626343,1,13.7044315035353,8
660,2025-06-21 19:42:04.348526,2025-06-21 19:42:04.963343,0.614756107330322,1,19.6916862790917,8
663,2025-06-21 19:42:04.616256,2025-06-21 19:42:05.193456,0.577116012573242,0,10.4559589422114,8
661,2025-06-21 19:42:04.551199,2025-06-21 19:42:05.191942,0.640614986419678,1,22.1857913546882,8
664,2025-06-21 19:42:04.648084,2025-06-21 19:42:05.225046,0.576910018920898,0,2.27209886407639,8
662,2025-06-21 19:42:04.59318,2025-06-21 19:42:05.241809,0.648566007614136,0,7.10495732918572,8
666,2025-06-21 19:42:04.81218,2025-06-21 19:42:05.346696,0.534456014633179,1,28.0984316246848,8
665,2025-06-21 19:42:04.791506,2025-06-21 19:42:05.405645,0.614080190658569,0,11.2279595715975,8
667,2025-06-21 19:42:04.979328,2025-06-21 19:42:05.644999,0.665608882904053,1,16.2434128125479,8
668,2025-06-21 19:42:05.214745,2025-06-21 19:42:05.809876,0.595070123672485,1,13.3421887643671,8
671,2025-06-21 19:42:05.263597,2025-06-21 19:42:05.822788,0.559124946594238,1,14.2547641581792,8
670,2025-06-21 19:42:05.251961,2025-06-21 19:42:05.896596,0.644515991210938,1,25.7120952203606,8
669,2025-06-21 19:42:05.218907,2025-06-21 19:42:05.90094,0.68197512626648,0,4.40242599750812,8
672,2025-06-21 19:42:05.365365,2025-06-21 19:42:05.936768,0.571348905563354,1,20.7579425181525,8
673,2025-06-21 19:42:05.444876,2025-06-21 19:42:06.018534,0.573605060577393,1,53.6601903782324,8
674,2025-06-21 19:42:05.669251,2025-06-21 19:42:06.27656,0.607242822647095,1,12.6955076916248,8
676,2025-06-21 19:42:05.836491,2025-06-21 19:42:06.424012,0.587463140487671,0,3.78888862712401,8
675,2025-06-21 19:42:05.826711,2025-06-21 19:42:06.434679,0.60790491104126,1,15.0233108560548,8
677,2025-06-21 19:42:05.918321,2025-06-21 19:42:06.505796,0.587419033050537,0,5.57238588458801,8
678,2025-06-21 19:42:05.935333,2025-06-21 19:42:06.560052,0.624605894088745,0,11.2568501882861,8
679,2025-06-21 19:42:05.97397,2025-06-21 19:42:06.577421,0.603393077850342,1,35.7282027006591,8
680,2025-06-21 19:42:06.039751,2025-06-21 19:42:06.825364,0.785552024841309,1,17.2759456905953,8
681,2025-06-21 19:42:06.301992,2025-06-21 19:42:06.883691,0.581636905670166,1,14.9167649154663,8
682,2025-06-21 19:42:06.444257,2025-06-21 19:42:07.010881,0.56656813621521,0,5.85708155444533,8
683,2025-06-21 19:42:06.452715,2025-06-21 19:42:07.010487,0.557715892791748,1,15.3393368284313,8
684,2025-06-21 19:42:06.521615,2025-06-21 19:42:07.089724,0.56804895401001,0,7.89535781118648,8
686,2025-06-21 19:42:06.598113,2025-06-21 19:42:07.129992,0.531821012496948,1,26.9419026802473,8
685,2025-06-21 19:42:06.57813,2025-06-21 19:42:07.232659,0.654469013214111,1,13.3736814680645,8
687,2025-06-21 19:42:06.838442,2025-06-21 19:42:07.427625,0.589123010635376,1,30.8317575864745,8
688,2025-06-21 19:42:06.915007,2025-06-21 19:42:07.506858,0.591789960861206,0,9.40207545872677,8
690,2025-06-21 19:42:07.035295,2025-06-21 19:42:07.590982,0.555624961853027,0,7.65089824180798,8
689,2025-06-21 19:42:07.032624,2025-06-21 19:42:07.629727,0.597046136856079,0,4.76574338441324,8
692,2025-06-21 19:42:07.146319,2025-06-21 19:42:07.694823,0.548449039459229,0,11.1298641615698,8
691,2025-06-21 19:42:07.099317,2025-06-21 19:42:07.700353,0.60090708732605,0,5.05312730582061,8
693,2025-06-21 19:42:07.252133,2025-06-21 19:42:07.823547,0.571332931518555,1,13.7029454398407,8
694,2025-06-21 19:42:07.447408,2025-06-21 19:42:08.045758,0.598289966583252,1,13.203957960481,8
695,2025-06-21 19:42:07.530179,2025-06-21 19:42:08.088678,0.558439016342163,1,14.1462741323823,8
696,2025-06-21 19:42:07.623855,2025-06-21 19:42:08.208533,0.584614992141724,1,39.7378693610717,8
697,2025-06-21 19:42:07.647051,2025-06-21 19:42:08.218273,0.57109808921814,0,9.55210318106604,8
699,2025-06-21 19:42:07.719562,2025-06-21 19:42:08.277945,0.558320045471191,1,18.5356484693885,8
698,2025-06-21 19:42:07.706154,2025-06-21 19:42:08.336498,0.630218982696533,0,6.7601020504091,8
700,2025-06-21 19:42:07.844672,2025-06-21 19:42:08.469374,0.624648094177246,1,19.3753305194194,8
701,2025-06-21 19:42:08.064246,2025-06-21 19:42:08.654252,0.589942932128906,0,8.02035224945852,8
702,2025-06-21 19:42:08.104656,2025-06-21 19:42:08.670279,0.565569877624512,1,15.4104271140503,8
704,2025-06-21 19:42:08.231828,2025-06-21 19:42:08.767225,0.535336971282959,1,12.8638142743868,8
703,2025-06-21 19:42:08.229312,2025-06-21 19:42:08.815488,0.586115121841431,1,12.1393750257265,8
705,2025-06-21 19:42:08.301828,2025-06-21 19:42:08.849086,0.547201871871948,1,23.3716650924792,8
706,2025-06-21 19:42:08.359786,2025-06-21 19:42:08.884032,0.524188995361328,1,24.8677705492597,8
707,2025-06-21 19:42:08.48202,2025-06-21 19:42:09.106206,0.624129056930542,0,3.89414005191742,8
708,2025-06-21 19:42:08.666094,2025-06-21 19:42:09.225775,0.559624910354614,0,11.6645380972584,8
709,2025-06-21 19:42:08.687718,2025-06-21 19:42:09.240162,0.552383899688721,1,12.8304646904468,8
710,2025-06-21 19:42:08.784485,2025-06-21 19:42:09.390464,0.605913877487183,0,2.83309883036405,8
713,2025-06-21 19:42:08.899734,2025-06-21 19:42:09.420144,0.52029013633728,1,14.8100505503744,8
712,2025-06-21 19:42:08.867026,2025-06-21 19:42:09.435415,0.568325042724609,1,26.6303687827851,8
711,2025-06-21 19:42:08.833391,2025-06-21 19:42:09.465167,0.631704092025757,0,10.2872142607517,8
714,2025-06-21 19:42:09.128494,2025-06-21 19:42:09.700899,0.57227897644043,1,212.239726944977,8
715,2025-06-21 19:42:09.251287,2025-06-21 19:42:09.833436,0.58209490776062,1,41.7903974054549,8
716,2025-06-21 19:42:09.256166,2025-06-21 19:42:09.846938,0.590655088424683,0,1.06009032760899,8
718,2025-06-21 19:42:09.4359,2025-06-21 19:42:09.987219,0.551154851913452,1,64.5829663543494,8
717,2025-06-21 19:42:09.412598,2025-06-21 19:42:09.994494,0.581764936447144,1,14.8937335949662,8
719,2025-06-21 19:42:09.454816,2025-06-21 19:42:10.016472,0.561599016189575,0,7.13611808544039,8
720,2025-06-21 19:42:09.484138,2025-06-21 19:42:10.066776,0.582581996917725,0,6.42496380636204,8
721,2025-06-21 19:42:09.716952,2025-06-21 19:42:10.315907,0.5988929271698,1,18.2996066522402,8
722,2025-06-21 19:42:09.848236,2025-06-21 19:42:10.400919,0.552623987197876,0,9.24682018175032,8
723,2025-06-21 19:42:09.883654,2025-06-21 19:42:10.454894,0.571183204650879,0,4.51133904756888,8
724,2025-06-21 19:42:10.013649,2025-06-21 19:42:10.597089,0.583384990692139,0,10.7576539411338,8
725,2025-06-21 19:42:10.01545,2025-06-21 19:42:10.62601,0.610495090484619,0,4.69776616230238,8
726,2025-06-21 19:42:10.037477,2025-06-21 19:42:10.638733,0.601193904876709,1,31.4152664076111,8
727,2025-06-21 19:42:10.087771,2025-06-21 19:42:10.694305,0.60647702217102,0,7.90846984202597,8
728,2025-06-21 19:42:10.336376,2025-06-21 19:42:10.905951,0.56951379776001,1,18.5003756883511,8
729,2025-06-21 19:42:10.429624,2025-06-21 19:42:11.039733,0.609995126724243,0,7.87704905675137,8
730,2025-06-21 19:42:10.479416,2025-06-21 19:42:11.116446,0.636971950531006,1,31.4417621603102,8
731,2025-06-21 19:42:10.6172,2025-06-21 19:42:11.17107,0.553807020187378,0,8.34028541486463,8
732,2025-06-21 19:42:10.643634,2025-06-21 19:42:11.218019,0.574103116989136,0,9.3375773479907,8
733,2025-06-21 19:42:10.653019,2025-06-21 19:42:11.212654,0.559506893157959,0,9.34998045792218,8
734,2025-06-21 19:42:10.714906,2025-06-21 19:42:11.268014,0.553018093109131,0,10.3923363698366,8
735,2025-06-21 19:42:10.918804,2025-06-21 19:42:11.53959,0.620729923248291,0,8.15962597177967,8
736,2025-06-21 19:42:11.06134,2025-06-21 19:42:11.585871,0.524466991424561,0,5.05750333537112,8
737,2025-06-21 19:42:11.139511,2025-06-21 19:42:11.766899,0.62732195854187,1,25.2181568184352,8
738,2025-06-21 19:42:11.195519,2025-06-21 19:42:11.791197,0.595622062683105,1,19.6184448098885,8
740,2025-06-21 19:42:11.232718,2025-06-21 19:42:11.793853,0.561077117919922,0,8.82015490412856,8
739,2025-06-21 19:42:11.230677,2025-06-21 19:42:11.801887,0.571136951446533,1,30.55285151252,8
741,2025-06-21 19:42:11.289192,2025-06-21 19:42:11.849222,0.559970140457153,0,11.1501087759931,8
742,2025-06-21 19:42:11.561835,2025-06-21 19:42:12.141029,0.579133987426758,1,21.5059138537532,8
743,2025-06-21 19:42:11.601533,2025-06-21 19:42:12.201262,0.599601984024048,1,38.2474417409596,8
746,2025-06-21 19:42:11.809077,2025-06-21 19:42:12.316063,0.506925106048584,1,34.0483102698185,8
747,2025-06-21 19:42:11.816923,2025-06-21 19:42:12.34164,0.524549007415771,1,30.8033805824488,8
744,2025-06-21 19:42:11.781141,2025-06-21 19:42:12.348698,0.567492008209229,1,28.9637491688102,8
745,2025-06-21 19:42:11.805643,2025-06-21 19:42:12.462912,0.657202959060669,0,3.20812009979074,8
748,2025-06-21 19:42:11.865191,2025-06-21 19:42:12.514077,0.648831129074097,0,6.7885743992035,8
749,2025-06-21 19:42:12.15584,2025-06-21 19:42:12.693011,0.537109851837158,1,16.7813209556186,8
750,2025-06-21 19:42:12.216819,2025-06-21 19:42:12.744264,0.527384996414185,1,13.8601001521319,8
751,2025-06-21 19:42:12.337092,2025-06-21 19:42:12.919995,0.582842826843262,0,4.69195724483724,8
752,2025-06-21 19:42:12.367397,2025-06-21 19:42:12.945116,0.577656984329224,1,23.0687854138039,8
753,2025-06-21 19:42:12.369393,2025-06-21 19:42:12.944586,0.575133085250854,0,12.0138751942731,8
754,2025-06-21 19:42:12.487104,2025-06-21 19:42:13.02038,0.533216953277588,0,2.27037737132178,8
755,2025-06-21 19:42:12.534352,2025-06-21 19:42:13.20318,0.668771982192993,1,17.9946168030337,8
756,2025-06-21 19:42:12.711499,2025-06-21 19:42:13.32291,0.611281156539917,1,23.6946443435605,8
757,2025-06-21 19:42:12.761167,2025-06-21 19:42:13.370829,0.609601974487305,0,6.96313068493954,8
759,2025-06-21 19:42:12.960596,2025-06-21 19:42:13.563389,0.602728128433228,0,7.19781479601031,8
760,2025-06-21 19:42:12.963441,2025-06-21 19:42:13.587332,0.623833894729614,0,8.46494930742359,8
758,2025-06-21 19:42:12.945305,2025-06-21 19:42:13.588379,0.643008947372437,0,4.98466152010429,8
761,2025-06-21 19:42:13.050833,2025-06-21 19:42:13.675368,0.624474048614502,0,3.27343342923125,8
762,2025-06-21 19:42:13.238631,2025-06-21 19:42:13.885775,0.647084951400757,0,10.0362644303317,8
763,2025-06-21 19:42:13.366722,2025-06-21 19:42:13.928423,0.561645984649658,1,18.4881436407724,8
764,2025-06-21 19:42:13.393952,2025-06-21 19:42:13.961221,0.567205905914307,1,13.6486851525425,8
766,2025-06-21 19:42:13.601404,2025-06-21 19:42:14.193272,0.591807842254639,0,7.88248456192352,8
767,2025-06-21 19:42:13.613377,2025-06-21 19:42:14.227036,0.61359691619873,1,40.6790421360551,8
765,2025-06-21 19:42:13.59168,2025-06-21 19:42:14.22955,0.637810945510864,0,0.769319712150305,8
768,2025-06-21 19:42:13.70242,2025-06-21 19:42:14.362696,0.660216808319092,1,13.395442049029,8
769,2025-06-21 19:42:13.909291,2025-06-21 19:42:14.452682,0.543332099914551,1,12.4900712170268,8
770,2025-06-21 19:42:13.95224,2025-06-21 19:42:14.520894,0.568598985671997,1,17.5044583157868,8
771,2025-06-21 19:42:13.98794,2025-06-21 19:42:14.614078,0.626013040542603,1,12.833858824179,8
773,2025-06-21 19:42:14.242964,2025-06-21 19:42:14.814446,0.571425199508667,1,13.3841719542441,8
774,2025-06-21 19:42:14.246979,2025-06-21 19:42:14.827183,0.580133199691772,1,139.535993780141,8
772,2025-06-21 19:42:14.215665,2025-06-21 19:42:14.854714,0.638991117477417,1,434.622500732437,8
775,2025-06-21 19:42:14.384504,2025-06-21 19:42:14.967121,0.582540988922119,1,14.0473758120259,8
776,2025-06-21 19:42:14.464606,2025-06-21 19:42:15.045998,0.581331968307495,0,11.1486499887271,8
777,2025-06-21 19:42:14.53671,2025-06-21 19:42:15.157255,0.620412111282349,0,10.0176329280855,8
778,2025-06-21 19:42:14.635278,2025-06-21 19:42:15.236286,0.600879192352295,1,26.3708457007662,8
780,2025-06-21 19:42:14.852225,2025-06-21 19:42:15.442186,0.589879989624023,1,23.0848410714267,8
779,2025-06-21 19:42:14.838914,2025-06-21 19:42:15.457055,0.618063926696777,0,7.92650093623578,8
781,2025-06-21 19:42:14.876101,2025-06-21 19:42:15.463951,0.587780952453613,1,16.881979639883,8
783,2025-06-21 19:42:15.070554,2025-06-21 19:42:15.646092,0.575460910797119,1,31.6137085312265,8
782,2025-06-21 19:42:14.989578,2025-06-21 19:42:15.677729,0.688081979751587,1,16.9666465681182,8
784,2025-06-21 19:42:15.173919,2025-06-21 19:42:15.77631,0.602334022521973,1,14.0267826953478,8
785,2025-06-21 19:42:15.257018,2025-06-21 19:42:15.837073,0.579967975616455,1,33.3233318858792,8
786,2025-06-21 19:42:15.466713,2025-06-21 19:42:16.109076,0.642223119735718,1,33.6144943871123,8
787,2025-06-21 19:42:15.471945,2025-06-21 19:42:16.174784,0.702775001525879,1,29.2722849740992,8
788,2025-06-21 19:42:15.489256,2025-06-21 19:42:16.202015,0.712632894515991,1,22.2824446053243,8
790,2025-06-21 19:42:15.693998,2025-06-21 19:42:16.243837,0.549767017364502,1,16.885838266601,8
789,2025-06-21 19:42:15.668841,2025-06-21 19:42:16.373575,0.704674005508423,1,14.1192762883676,8
791,2025-06-21 19:42:15.787678,2025-06-21 19:42:16.501185,0.713437080383301,1,15.8390568683042,8
792,2025-06-21 19:42:15.852093,2025-06-21 19:42:16.535861,0.68370795249939,1,19.5552293986798,8
793,2025-06-21 19:42:16.124946,2025-06-21 19:42:16.670076,0.545068025588989,0,12.1574735443212,8
794,2025-06-21 19:42:16.2085,2025-06-21 19:42:16.755306,0.54668402671814,0,8.06775425687001,8
795,2025-06-21 19:42:16.220037,2025-06-21 19:42:16.768876,0.548780202865601,1,32.7596887744132,8
796,2025-06-21 19:42:16.26957,2025-06-21 19:42:16.843127,0.573498964309692,1,23.4763131089804,8
797,2025-06-21 19:42:16.393074,2025-06-21 19:42:16.984051,0.590917110443115,0,7.36936770348038,8
798,2025-06-21 19:42:16.517755,2025-06-21 19:42:17.049709,0.531840085983276,1,30.6385547746519,8
799,2025-06-21 19:42:16.55501,2025-06-21 19:42:17.08545,0.53038501739502,1,13.0088707703681,8
800,2025-06-21 19:42:16.688971,2025-06-21 19:42:17.256619,0.567530155181885,0,9.49367897398203,8
801,2025-06-21 19:42:16.776824,2025-06-21 19:42:17.340692,0.563807964324951,0,0.413635979316992,8
802,2025-06-21 19:42:16.779385,2025-06-21 19:42:17.341452,0.562007904052734,1,17.4786863147303,8
803,2025-06-21 19:42:16.857659,2025-06-21 19:42:17.390503,0.532785892486572,1,18.2757133775972,8
805,2025-06-21 19:42:17.072313,2025-06-21 19:42:17.599696,0.527225017547607,1,14.5423827957403,8
806,2025-06-21 19:42:17.101885,2025-06-21 19:42:17.630702,0.528702020645142,0,6.72299269389435,8
804,2025-06-21 19:42:17.005479,2025-06-21 19:42:17.737651,0.732113838195801,0,2.71534557729107,8
808,2025-06-21 19:42:17.35138,2025-06-21 19:42:17.860738,0.50929594039917,0,8.3173141999093,8
807,2025-06-21 19:42:17.275545,2025-06-21 19:42:17.836873,0.561183929443359,0,5.93080015338422,8
809,2025-06-21 19:42:17.357868,2025-06-21 19:42:17.938374,0.580448150634766,1,16.2892309884304,8
810,2025-06-21 19:42:17.410768,2025-06-21 19:42:17.979678,0.568849086761475,1,12.6810750559542,8
811,2025-06-21 19:42:17.619081,2025-06-21 19:42:18.198656,0.57939600944519,0,9.79886612726128,8
812,2025-06-21 19:42:17.645921,2025-06-21 19:42:18.248909,0.602931976318359,0,9.09553619894867,8
813,2025-06-21 19:42:17.774758,2025-06-21 19:42:18.37898,0.604161024093628,1,26.7948897085045,8
815,2025-06-21 19:42:17.914816,2025-06-21 19:42:18.497443,0.58256983757019,0,11.6845753351726,8
814,2025-06-21 19:42:17.910629,2025-06-21 19:42:18.520516,0.609828948974609,0,7.25752011849577,8
816,2025-06-21 19:42:17.975129,2025-06-21 19:42:18.553425,0.57823896408081,1,25.3237839801927,8
817,2025-06-21 19:42:17.998885,2025-06-21 19:42:18.586403,0.587405920028687,1,13.0054541873932,8
818,2025-06-21 19:42:18.220573,2025-06-21 19:42:18.784438,0.563740015029907,0,8.63730998783475,8
819,2025-06-21 19:42:18.272233,2025-06-21 19:42:18.858504,0.586213111877441,0,11.2129880509645,8
820,2025-06-21 19:42:18.397075,2025-06-21 19:42:18.961806,0.564673185348511,1,39.9547264518568,8
821,2025-06-21 19:42:18.51321,2025-06-21 19:42:19.09326,0.57998514175415,1,28.8388822052318,8
822,2025-06-21 19:42:18.552661,2025-06-21 19:42:19.093035,0.540313005447388,0,10.7098342053784,8
823,2025-06-21 19:42:18.575923,2025-06-21 19:42:19.178907,0.602922916412354,0,12.4526855679957,8
824,2025-06-21 19:42:18.609491,2025-06-21 19:42:19.188807,0.579255819320679,1,12.8494753187221,8
825,2025-06-21 19:42:18.801301,2025-06-21 19:42:19.327357,0.525994062423706,0,3.50104324412572,8
826,2025-06-21 19:42:18.877476,2025-06-21 19:42:19.418307,0.540702819824219,1,33.9440296592679,8
827,2025-06-21 19:42:18.987289,2025-06-21 19:42:19.5398,0.552398920059204,0,10.7467233217893,8
828,2025-06-21 19:42:19.109098,2025-06-21 19:42:19.673403,0.564255952835083,0,8.73374801286158,8
829,2025-06-21 19:42:19.11329,2025-06-21 19:42:19.723444,0.610090017318726,0,2.30245353476892,8
831,2025-06-21 19:42:19.200781,2025-06-21 19:42:19.74059,0.539756059646606,0,4.70757173933918,8
830,2025-06-21 19:42:19.195216,2025-06-21 19:42:19.756458,0.561182975769043,1,14.8351942816489,8
832,2025-06-21 19:42:19.34934,2025-06-21 19:42:19.918922,0.569520950317383,0,10.1564878983155,8
833,2025-06-21 19:42:19.440067,2025-06-21 19:42:19.986245,0.546118021011353,1,28.3449618962853,8
834,2025-06-21 19:42:19.562114,2025-06-21 19:42:20.121779,0.559604167938232,1,21.6173293828582,8
835,2025-06-21 19:42:19.696358,2025-06-21 19:42:20.251361,0.55488395690918,1,17.0399683407361,8
837,2025-06-21 19:42:19.758878,2025-06-21 19:42:20.291067,0.532135009765625,1,14.0170272049236,8
836,2025-06-21 19:42:19.74091,2025-06-21 19:42:20.377656,0.63668704032898,0,6.24871935226967,8
838,2025-06-21 19:42:19.76788,2025-06-21 19:42:20.396154,0.628213882446289,1,20.8062019282418,8
839,2025-06-21 19:42:19.935199,2025-06-21 19:42:20.515067,0.57981014251709,1,15.8039957653083,8
840,2025-06-21 19:42:20.005177,2025-06-21 19:42:20.595732,0.590497970581055,0,10.7548348372831,8
841,2025-06-21 19:42:20.134847,2025-06-21 19:42:20.6783,0.543397188186646,0,9.75778476201546,8
842,2025-06-21 19:42:20.277218,2025-06-21 19:42:20.87678,0.599500894546509,1,13.4984296973984,8
843,2025-06-21 19:42:20.314884,2025-06-21 19:42:20.894838,0.579837083816528,1,34.0856323162233,8
844,2025-06-21 19:42:20.393173,2025-06-21 19:42:20.945032,0.551730155944824,1,18.6478478741352,8
845,2025-06-21 19:42:20.414695,2025-06-21 19:42:20.978014,0.563256025314331,1,18.6609495560395,8
846,2025-06-21 19:42:20.538658,2025-06-21 19:42:21.129567,0.590841054916382,0,8.20383535218128,8
847,2025-06-21 19:42:20.615657,2025-06-21 19:42:21.182118,0.566404819488525,0,4.97479249756412,8
848,2025-06-21 19:42:20.704214,2025-06-21 19:42:21.285132,0.580858945846558,0,7.8485826424454,8
849,2025-06-21 19:42:20.89946,2025-06-21 19:42:21.438812,0.539283990859985,1,12.5203968349567,8
850,2025-06-21 19:42:20.917292,2025-06-21 19:42:21.456748,0.539396047592163,0,11.295745368409,8
852,2025-06-21 19:42:21.013154,2025-06-21 19:42:21.62515,0.61193585395813,1,28.3338883220373,8
853,2025-06-21 19:42:21.14029,2025-06-21 19:42:21.66796,0.527513027191162,1,17.7642569222377,8
854,2025-06-21 19:42:21.205877,2025-06-21 19:42:21.766527,0.560585021972656,1,29.7543808627477,8
851,2025-06-21 19:42:20.972193,2025-06-21 19:42:21.779772,0.807456970214844,1,23.2109255835533,8
855,2025-06-21 19:42:21.308073,2025-06-21 19:42:21.79396,0.485838174819946,0,1.24192574296477,8
856,2025-06-21 19:42:21.453133,2025-06-21 19:42:22.039943,0.586754083633423,0,8.88199982104025,8
857,2025-06-21 19:42:21.483321,2025-06-21 19:42:22.081467,0.598088026046753,0,6.3460238542362,8
858,2025-06-21 19:42:21.641277,2025-06-21 19:42:22.162059,0.520653009414673,1,32.2569719333441,8
859,2025-06-21 19:42:21.700214,2025-06-21 19:42:22.239046,0.538769960403442,1,15.0678455129308,8
860,2025-06-21 19:42:21.785015,2025-06-21 19:42:22.289744,0.504673004150391,0,12.3493590549309,8
861,2025-06-21 19:42:21.796381,2025-06-21 19:42:22.370346,0.573904991149902,1,14.7624848459363,8
862,2025-06-21 19:42:21.812931,2025-06-21 19:42:22.411651,0.59866213798523,1,29.9516187290114,8
864,2025-06-21 19:42:22.102733,2025-06-21 19:42:22.636182,0.533386945724487,0,10.1230219553579,8
863,2025-06-21 19:42:22.057317,2025-06-21 19:42:22.662589,0.605211973190308,0,3.74180351360381,8
865,2025-06-21 19:42:22.185122,2025-06-21 19:42:22.786544,0.601361989974976,1,21.6878679908215,8
866,2025-06-21 19:42:22.258086,2025-06-21 19:42:22.850459,0.592245101928711,1,28.2974248706451,8
867,2025-06-21 19:42:22.301592,2025-06-21 19:42:22.891627,0.58997392654419,0,7.16024515887597,8
868,2025-06-21 19:42:22.389821,2025-06-21 19:42:22.982259,0.592375040054321,1,22.499792109186,8
869,2025-06-21 19:42:22.426588,2025-06-21 19:42:23.00908,0.582433938980103,1,14.0746178761157,8
870,2025-06-21 19:42:22.66455,2025-06-21 19:42:23.228098,0.563435077667236,1,13.4564574767114,8
871,2025-06-21 19:42:22.69113,2025-06-21 19:42:23.24903,0.55783200263977,1,19.9838425176886,8
872,2025-06-21 19:42:22.804435,2025-06-21 19:42:23.418085,0.613582134246826,0,7.17270967602656,8
873,2025-06-21 19:42:22.873597,2025-06-21 19:42:23.460842,0.587179899215698,0,7.94891009151384,8
874,2025-06-21 19:42:22.912809,2025-06-21 19:42:23.493978,0.581110000610352,1,15.331973310146,8
875,2025-06-21 19:42:23.005347,2025-06-21 19:42:23.550094,0.544613122940063,0,9.04203544902337,8
876,2025-06-21 19:42:23.034514,2025-06-21 19:42:23.620948,0.586376905441284,0,11.7726629707541,8
877,2025-06-21 19:42:23.243127,2025-06-21 19:42:23.8108,0.567559003829956,0,6.53540227167487,8
878,2025-06-21 19:42:23.268831,2025-06-21 19:42:23.852905,0.584011793136597,0,4.18888925117846,8
879,2025-06-21 19:42:23.438567,2025-06-21 19:42:23.989719,0.551095008850098,1,18.0190350356145,8
881,2025-06-21 19:42:23.514836,2025-06-21 19:42:24.086329,0.57136607170105,1,41.4098859819454,8
880,2025-06-21 19:42:23.489779,2025-06-21 19:42:24.097759,0.607919931411743,0,3.26689165388733,8
882,2025-06-21 19:42:23.571561,2025-06-21 19:42:24.136302,0.564681053161621,1,16.7176616811939,8
883,2025-06-21 19:42:23.640792,2025-06-21 19:42:24.219461,0.578614950180054,1,18.6764804299717,8
885,2025-06-21 19:42:23.870126,2025-06-21 19:42:24.372931,0.502689838409424,0,6.69353341722144,8
884,2025-06-21 19:42:23.827292,2025-06-21 19:42:24.413111,0.585762977600098,0,5.29868786565353,8
886,2025-06-21 19:42:24.008242,2025-06-21 19:42:24.591879,0.58356499671936,1,19.4386857783135,8
888,2025-06-21 19:42:24.117534,2025-06-21 19:42:24.62137,0.503775835037231,0,9.23878400291436,8
887,2025-06-21 19:42:24.109758,2025-06-21 19:42:24.630043,0.52022385597229,0,2.66974491332625,8
889,2025-06-21 19:42:24.153227,2025-06-21 19:42:24.715954,0.56259298324585,1,22.3314749099215,8
890,2025-06-21 19:42:24.232298,2025-06-21 19:42:24.992563,0.760199785232544,1,10.9628559541153,8
892,2025-06-21 19:42:24.435677,2025-06-21 19:42:25.019177,0.583446979522705,1,17.8899253598692,8
891,2025-06-21 19:42:24.392497,2025-06-21 19:42:25.029617,0.63706111907959,1,16.4807348943904,8
894,2025-06-21 19:42:24.635224,2025-06-21 19:42:25.203269,0.567983865737915,0,8.71463916657794,8
893,2025-06-21 19:42:24.609988,2025-06-21 19:42:25.200956,0.590879201889038,0,2.1267879882815,8
895,2025-06-21 19:42:24.650246,2025-06-21 19:42:25.21428,0.563976049423218,0,2.13546547096664,8
896,2025-06-21 19:42:24.732625,2025-06-21 19:42:25.306085,0.573402166366577,0,4.7211257493874,8
898,2025-06-21 19:42:25.040791,2025-06-21 19:42:25.59736,0.55650806427002,0,6.44371731425859,8
899,2025-06-21 19:42:25.042378,2025-06-21 19:42:25.601207,0.558767080307007,0,7.05658789596426,8
897,2025-06-21 19:42:25.013675,2025-06-21 19:42:25.614619,0.600887060165405,0,5.9561562895474,8
900,2025-06-21 19:42:25.214425,2025-06-21 19:42:25.796706,0.582221031188965,0,7.6084448863091,8
901,2025-06-21 19:42:25.225879,2025-06-21 19:42:25.818182,0.592243909835815,0,5.20094532110059,8
902,2025-06-21 19:42:25.227523,2025-06-21 19:42:25.8355,0.607921838760376,0,11.0162611474687,8
903,2025-06-21 19:42:25.334296,2025-06-21 19:42:25.957634,0.623280048370361,0,5.31538978366892,8
905,2025-06-21 19:42:25.620608,2025-06-21 19:42:26.196129,0.575459957122803,0,6.54234857941162,8
906,2025-06-21 19:42:25.634018,2025-06-21 19:42:26.213099,0.579025983810425,1,39.3081575698949,8
904,2025-06-21 19:42:25.617881,2025-06-21 19:42:26.225062,0.607118844985962,1,21.1245548027606,8
907,2025-06-21 19:42:25.814883,2025-06-21 19:42:26.385818,0.570876121520996,1,273.768545850536,8
909,2025-06-21 19:42:25.855742,2025-06-21 19:42:26.392222,0.53642201423645,0,6.22924133101695,8
908,2025-06-21 19:42:25.832855,2025-06-21 19:42:26.407123,0.57404899597168,1,28.979128142902,8
910,2025-06-21 19:42:25.96863,2025-06-21 19:42:26.510978,0.54229211807251,1,25.0642939761107,8
912,2025-06-21 19:42:26.225808,2025-06-21 19:42:26.764056,0.538187980651855,1,30.7798610614375,8
911,2025-06-21 19:42:26.215312,2025-06-21 19:42:26.76357,0.548200130462646,0,10.9597857421495,8
915,2025-06-21 19:42:26.407682,2025-06-21 19:42:26.890217,0.482478141784668,1,16.7604995561337,8
914,2025-06-21 19:42:26.399141,2025-06-21 19:42:26.950434,0.551237106323242,1,29.4042860229774,8
913,2025-06-21 19:42:26.242554,2025-06-21 19:42:27.001539,0.758920192718506,1,22.913722036685,8
916,2025-06-21 19:42:26.427315,2025-06-21 19:42:26.994539,0.567157983779907,0,9.05380094598543,8
917,2025-06-21 19:42:26.533955,2025-06-21 19:42:27.134595,0.600576877593994,1,18.4609208562473,8
918,2025-06-21 19:42:26.776424,2025-06-21 19:42:27.291383,0.514897108078003,1,29.4977766105473,8
919,2025-06-21 19:42:26.781981,2025-06-21 19:42:27.342064,0.560020923614502,0,3.74392293747359,8
920,2025-06-21 19:42:26.900767,2025-06-21 19:42:27.48026,0.579370975494385,1,21.2926588572416,8
921,2025-06-21 19:42:26.981035,2025-06-21 19:42:27.512281,0.531190872192383,0,10.3510532857289,8
923,2025-06-21 19:42:27.019357,2025-06-21 19:42:27.587283,0.56786584854126,1,19.8332469821855,8
922,2025-06-21 19:42:27.017619,2025-06-21 19:42:27.588308,0.570567846298218,0,6.76030883667421,8
924,2025-06-21 19:42:27.147394,2025-06-21 19:42:27.716657,0.569147109985352,1,21.6310005694362,8
926,2025-06-21 19:42:27.352544,2025-06-21 19:42:27.861624,0.509021997451782,0,6.69292736360034,8
925,2025-06-21 19:42:27.312819,2025-06-21 19:42:27.887787,0.574907064437866,1,14.8912237842104,8
927,2025-06-21 19:42:27.507254,2025-06-21 19:42:28.050362,0.543050050735474,0,10.8093996908396,8
928,2025-06-21 19:42:27.527047,2025-06-21 19:42:28.095445,0.568335771560669,0,6.7042261743325,8
930,2025-06-21 19:42:27.60752,2025-06-21 19:42:28.109898,0.502325057983398,0,9.46732408735436,8
931,2025-06-21 19:42:27.732734,2025-06-21 19:42:28.34624,0.613385915756226,1,196.483955897692,8
929,2025-06-21 19:42:27.603102,2025-06-21 19:42:28.429301,0.826141119003296,0,8.76645484488353,8
933,2025-06-21 19:42:27.90551,2025-06-21 19:42:28.446581,0.541010141372681,0,10.4986654161657,8
932,2025-06-21 19:42:27.885766,2025-06-21 19:42:28.469367,0.583486080169678,1,18.2748882508101,8
934,2025-06-21 19:42:28.073277,2025-06-21 19:42:28.637086,0.563689947128296,1,12.9021216138498,8
935,2025-06-21 19:42:28.118252,2025-06-21 19:42:28.672961,0.554632902145386,1,21.2980761954193,8
936,2025-06-21 19:42:28.128347,2025-06-21 19:42:28.741412,0.613002777099609,0,11.8600297023891,8
937,2025-06-21 19:42:28.365899,2025-06-21 19:42:28.927992,0.562037944793701,0,4.1687481355872,8
938,2025-06-21 19:42:28.44281,2025-06-21 19:42:29.045262,0.602388143539429,1,16.6605797985787,8
939,2025-06-21 19:42:28.458085,2025-06-21 19:42:29.059769,0.601625919342041,1,33.0675352582654,8
940,2025-06-21 19:42:28.489066,2025-06-21 19:42:29.074435,0.585303068161011,1,33.8568101675895,8
941,2025-06-21 19:42:28.658937,2025-06-21 19:42:29.28543,0.626371145248413,1,14.488364881542,8
942,2025-06-21 19:42:28.699919,2025-06-21 19:42:29.307948,0.607825994491577,0,6.49126495671776,8
943,2025-06-21 19:42:28.762242,2025-06-21 19:42:29.324948,0.56257700920105,0,4.62251980977754,8
944,2025-06-21 19:42:28.954477,2025-06-21 19:42:29.513049,0.558511018753052,0,4.59703398167572,8
946,2025-06-21 19:42:29.080907,2025-06-21 19:42:29.617589,0.536607027053833,0,6.44437902841586,8
947,2025-06-21 19:42:29.098753,2025-06-21 19:42:29.639381,0.54056715965271,0,8.64753771386917,8
945,2025-06-21 19:42:29.06728,2025-06-21 19:42:29.691508,0.624145030975342,0,8.84707339037999,8
948,2025-06-21 19:42:29.304554,2025-06-21 19:42:29.879026,0.574359893798828,0,5.45759923854455,8
949,2025-06-21 19:42:29.332454,2025-06-21 19:42:29.897616,0.565098762512207,0,4.56317165533121,8
950,2025-06-21 19:42:29.339508,2025-06-21 19:42:29.928458,0.58889102935791,0,4.29285514553123,8
951,2025-06-21 19:42:29.531746,2025-06-21 19:42:30.095116,0.563308954238892,0,6.5639065757138,8
953,2025-06-21 19:42:29.651747,2025-06-21 19:42:30.173094,0.521288871765137,1,18.1294876570622,8
952,2025-06-21 19:42:29.628801,2025-06-21 19:42:30.190663,0.561749935150146,1,21.9832161469821,8
954,2025-06-21 19:42:29.717032,2025-06-21 19:42:30.288811,0.571719884872437,1,26.8931833925477,8
955,2025-06-21 19:42:29.901685,2025-06-21 19:42:30.456936,0.555191040039062,0,1.44168723733788,8
956,2025-06-21 19:42:29.914826,2025-06-21 19:42:30.478744,0.563858985900879,0,10.727238231219,8
957,2025-06-21 19:42:29.949636,2025-06-21 19:42:30.513418,0.563706159591675,1,22.5416659943886,8
958,2025-06-21 19:42:30.113044,2025-06-21 19:42:30.685914,0.572812080383301,0,4.3875559821211,8
959,2025-06-21 19:42:30.187154,2025-06-21 19:42:30.735998,0.548763036727905,0,3.96612908698759,8
960,2025-06-21 19:42:30.207544,2025-06-21 19:42:30.766374,0.55876898765564,1,24.416763562644,8
961,2025-06-21 19:42:30.303256,2025-06-21 19:42:30.817582,0.51425313949585,0,7.10235693827187,8
962,2025-06-21 19:42:30.470378,2025-06-21 19:42:31.084348,0.613869905471802,0,1.66004053501095,8
963,2025-06-21 19:42:30.492757,2025-06-21 19:42:31.086213,0.59339189529419,0,7.71973127419765,8
964,2025-06-21 19:42:30.528555,2025-06-21 19:42:31.157867,0.629251003265381,0,6.57982742859148,8
966,2025-06-21 19:42:30.757719,2025-06-21 19:42:31.306894,0.549113988876343,1,15.1812864883813,8
965,2025-06-21 19:42:30.699683,2025-06-21 19:42:31.31276,0.61286187171936,1,97.9916078180607,8
967,2025-06-21 19:42:30.784068,2025-06-21 19:42:31.38562,0.60146689414978,0,7.40531785528837,8
968,2025-06-21 19:42:30.837624,2025-06-21 19:42:31.404368,0.566679954528809,0,3.19198532359774,8
969,2025-06-21 19:42:31.102637,2025-06-21 19:42:31.663264,0.560569047927856,1,25.817858934144,8
970,2025-06-21 19:42:31.104289,2025-06-21 19:42:31.674471,0.570122957229614,0,11.5610916643296,8
971,2025-06-21 19:42:31.174604,2025-06-21 19:42:31.756527,0.581865072250366,0,9.35097342863913,8
972,2025-06-21 19:42:31.32282,2025-06-21 19:42:31.856805,0.533915996551514,0,4.77305203677609,8
973,2025-06-21 19:42:31.335394,2025-06-21 19:42:31.865907,0.530456781387329,0,5.72710718283238,8
974,2025-06-21 19:42:31.405189,2025-06-21 19:42:31.999306,0.59406304359436,1,23.9498014307193,8
975,2025-06-21 19:42:31.425785,2025-06-21 19:42:31.99714,0.571297883987427,1,24.3692831762047,8
977,2025-06-21 19:42:31.690161,2025-06-21 19:42:32.242732,0.552489995956421,1,15.8328804155062,8
976,2025-06-21 19:42:31.682041,2025-06-21 19:42:32.249268,0.56716799736023,0,1.98475611749181,8
980,2025-06-21 19:42:31.88068,2025-06-21 19:42:32.371458,0.490715980529785,1,30.6449770195778,8
978,2025-06-21 19:42:31.770312,2025-06-21 19:42:32.37638,0.606011867523193,0,7.72509010150007,8
979,2025-06-21 19:42:31.873407,2025-06-21 19:42:32.462912,0.589446067810059,0,6.96519330447326,8
981,2025-06-21 19:42:32.012562,2025-06-21 19:42:32.60288,0.590204000473022,0,11.607694225116,8
982,2025-06-21 19:42:32.018497,2025-06-21 19:42:32.624503,0.605943918228149,1,14.2498176365872,8
983,2025-06-21 19:42:32.265592,2025-06-21 19:42:32.806348,0.540632009506226,1,14.6542878723583,8
984,2025-06-21 19:42:32.265696,2025-06-21 19:42:32.82512,0.559367895126343,1,15.8250203548374,8
986,2025-06-21 19:42:32.393627,2025-06-21 19:42:32.924483,0.530795812606812,1,18.1282247422592,8
985,2025-06-21 19:42:32.388823,2025-06-21 19:42:32.989667,0.600791215896606,0,1.53736860933791,8
987,2025-06-21 19:42:32.478567,2025-06-21 19:42:33.032557,0.553926944732666,1,31.1111089470199,8
988,2025-06-21 19:42:32.617704,2025-06-21 19:42:33.202528,0.584769010543823,0,8.01986500011692,8
989,2025-06-21 19:42:32.644954,2025-06-21 19:42:33.223569,0.57855486869812,0,7.58791227687433,8
991,2025-06-21 19:42:32.842698,2025-06-21 19:42:33.383854,0.54100489616394,1,18.7198234536205,8
990,2025-06-21 19:42:32.822126,2025-06-21 19:42:33.431425,0.609237909317017,1,14.5772659613692,8
992,2025-06-21 19:42:32.94588,2025-06-21 19:42:33.507026,0.561087131500244,1,30.7516805709107,8
993,2025-06-21 19:42:33.003932,2025-06-21 19:42:33.595561,0.591565132141113,1,13.1362229042388,8
994,2025-06-21 19:42:33.054595,2025-06-21 19:42:33.673827,0.619165182113647,1,19.5076186107203,8
996,2025-06-21 19:42:33.244519,2025-06-21 19:42:33.783176,0.538599967956543,0,6.08122981585699,8
995,2025-06-21 19:42:33.224625,2025-06-21 19:42:33.807166,0.582411050796509,1,17.8169841657373,8
997,2025-06-21 19:42:33.404001,2025-06-21 19:42:33.915686,0.51162600517273,0,2.30459814642932,8
998,2025-06-21 19:42:33.445476,2025-06-21 19:42:33.946792,0.501259088516235,1,32.277901555869,8
999,2025-06-21 19:42:33.518549,2025-06-21 19:42:33.974165,0.455562114715576,0,8.99309122338991,8
1000,2025-06-21 19:42:33.614975,2025-06-21 19:42:34.050973,0.435938119888306,1,97.5418429131452,8
